cell,clone
AAACCTGAGCAACGGT-1,clone_0
AAACCTGTCAGCGGCT-1,clone_0
AAACGGGCAAGACGAC-1,clone_0
AAACGGGGTACCATCA-1,clone_0
AAACGGGTCAGATTCG-1,clone_1
AAACGGGTCTAGCAGT-1,clone_0
AAAGATGGTCCCACAG-1,clone_0
AAAGCAAAGTGCCATT-1,clone_1
AAAGCAAGTCACCTGG-1,clone_3
AAAGCAATCGAGTACT-1,clone_2
AAAGTAGAGCGACGTA-1,clone_0
AAAGTAGAGGGATCTG-1,clone_2
AAATGCCGTTGGTGAG-1,clone_2
AACACGTCAGAGGCAT-1,clone_0
AACACGTGTGAGCTCC-1,clone_0
AACACGTTCTGTTGTT-1,clone_0
AACCATGCAAAGTGGC-1,clone_0
AACCATGGTTGGGCAA-1,clone_0
AACCATGTCTCAGCGG-1,clone_0
AACGTTGTCCGCTCTA-1,clone_2
AACTCCCAGGCTAGAC-1,clone_0
AACTGGTCACCTGGCA-1,clone_2
AACTGGTGTCATGTTG-1,clone_0
AACTGGTTCGGGAAAC-1,clone_0
AAGACCTAGGCTGCTC-1,clone_0
AAGACCTAGGGTCGAT-1,clone_1
AAGACCTCACGTTTAG-1,clone_0
AAGCCGCTCGTGTGGC-1,clone_3
AAGGAGCCATAGGGCA-1,clone_2
AAGGAGCCATCTTTCA-1,clone_0
AAGGCAGGTTGACCCG-1,clone_0
AAGGTTCAGATGTGGC-1,clone_0
AAGTCTGCAGCGTGTC-1,clone_2
AAGTCTGCATGCCGCA-1,clone_0
AATCGGTAGCAAAGTT-1,clone_0
ACACCAAAGATGTGGC-1,clone_1
ACACCAAAGGATGTAT-1,clone_0
ACACCAAAGTAACCCT-1,clone_0
ACACCCTCAACGAAAT-1,clone_0
ACACCCTCAACTCGCG-1,clone_0
ACACCCTTCAGCCCGA-1,clone_0
ACACCCTTCTCACCTG-1,clone_0
ACACCGGTCTTAGCTT-1,clone_0
ACACTGATCATTCGCC-1,clone_0
ACAGCCGAGGCGATAC-1,clone_0
ACAGCTAAGATATGCA-1,clone_0
ACATACGAGTGGAGAA-1,clone_0
ACATGGTTCTGGTAGT-1,clone_0
ACCAGTAAGTTTCCTT-1,clone_2
ACCAGTACAGCGCTTG-1,clone_0
ACCAGTAGTAGGATAT-1,clone_0
ACCAGTATCATTGGAC-1,clone_0
ACCCACTTCTAACGTG-1,clone_0
ACCGTAACAACCTGGC-1,clone_0
ACGAGCCAGGCATGGT-1,clone_0
ACGAGGAAGCTGCGAA-1,clone_0
ACGAGGAAGGCCATAG-1,clone_2
ACGAGGACAGCTTGAT-1,clone_0
ACGAGGATCGCGTGGT-1,clone_0
ACGATACAGCGAACTG-1,clone_2
ACGATACGTTTGGCTA-1,clone_2
ACGATGTCATGCCATA-1,clone_2
ACGCAGCTCAAGAAAC-1,clone_0
ACGCAGCTCAGCGCGT-1,clone_0
ACGCCAGTCGAGTACT-1,clone_3
ACGGAGACATGAATGA-1,clone_0
ACGGAGAGTACGTCAT-1,clone_1
ACGGAGATCACACCTC-1,clone_0
ACGGCCATCTCGAATG-1,clone_0
ACGGCCATCTGTATTC-1,clone_0
ACGGGCTGTACTCGCG-1,clone_3
ACGGGTCCACGTATGT-1,clone_0
ACGGGTCCATCTTTCA-1,clone_1
ACGGGTCCATTCTTCA-1,clone_0
ACGTCAATCATTTCGT-1,clone_0
ACTATCTAGGGTTTCT-1,clone_3
ACTATCTGTTACGCGC-1,clone_0
ACTGAACCAACTACTG-1,clone_2
ACTGAACTCGAACCCG-1,clone_0
ACTGAGTAGTGATGGC-1,clone_2
ACTGAGTCAATTGAAG-1,clone_0
ACTGAGTCACAAACTC-1,clone_0
ACTGCTCTCTAAGACC-1,clone_0
ACTTTCATCGATCCGG-1,clone_2
AGAATAGAGAGTACAT-1,clone_3
AGAATAGCACATTCAG-1,clone_0
AGACGTTAGACTTTCG-1,clone_2
AGACGTTAGCGTCGTC-1,clone_2
AGACGTTCATGTATGC-1,clone_2
AGACGTTGTTTACTTC-1,clone_0
AGAGCGAAGCAAATCA-1,clone_0
AGAGCTTAGGCATATA-1,clone_0
AGATCTGAGCAAATCA-1,clone_2
AGATCTGAGGATGTAT-1,clone_2
AGATCTGCATCCCAAA-1,clone_3
AGATCTGTCGTGAGGA-1,clone_0
AGATTGCTCCTCTGTG-1,clone_0
AGATTGCTCGTTAAGC-1,clone_0
AGCAGCCCAACACCGC-1,clone_0
AGCAGCCGTTATGCGT-1,clone_2
AGCAGCCGTTGATCTG-1,clone_2
AGCCTAAAGGTTCCTA-1,clone_1
AGCCTAAGTACTCCGG-1,clone_0
AGCCTAATCTGGTGAT-1,clone_2
AGCGGTCAGTTAGGTA-1,clone_0
AGCGTCGCACTCTCTG-1,clone_0
AGCGTCGGTTTAGCAC-1,clone_0
AGCTCCTAGTGGCACA-1,clone_0
AGCTCCTCAGCGCCAT-1,clone_2
AGCTCCTGTACCAAGG-1,clone_0
AGCTCCTGTACTGTTG-1,clone_0
AGCTCCTGTCGCCAAC-1,clone_2
AGCTTGAAGCAGTCTT-1,clone_0
AGCTTGACACAGCCAC-1,clone_1
AGGCCACGTTAGAGCG-1,clone_0
AGGCCGTGTGCCTGGT-1,clone_0
AGGCCGTTCGCTAGTA-1,clone_0
AGGGAGTCAACATCAC-1,clone_0
AGGGAGTGTAGACCAG-1,clone_0
AGGGAGTGTGTCTGTA-1,clone_3
AGGGAGTTCAGCCCGA-1,clone_0
AGGGAGTTCGACTTCC-1,clone_1
AGGGTGATCCTCGACT-1,clone_1
AGGTCATCACAATCAC-1,clone_1
AGGTCATGTGTTCGAT-1,clone_0
AGTAGTCCAGGCCGTT-1,clone_0
AGTAGTCCAGTGCTGC-1,clone_2
AGTCTTTAGACGCTTT-1,clone_0
AGTCTTTCAAGCATGG-1,clone_2
AGTCTTTGTGTAAAGT-1,clone_0
AGTGAGGAGGTGCAAC-1,clone_2
AGTGAGGCAATTCACG-1,clone_0
AGTGGGAGTAACTAAG-1,clone_0
AGTGTCATCTGCTACC-1,clone_0
ATAACGCTCAGTGTGT-1,clone_0
ATAAGAGGTCTTCGCT-1,clone_0
ATAGACCAGTGGTAGC-1,clone_2
ATAGACCGTCTTGCGG-1,clone_1
ATAGACCGTTCCACAA-1,clone_0
ATCACGAAGGCATGGT-1,clone_0
ATCACGAGTGCTTTCC-1,clone_0
ATCACGAGTGTAGTTC-1,clone_0
ATCATCTAGTCCCGAC-1,clone_0
ATCATCTGTATGCGGA-1,clone_0
ATCATGGAGCGTGAAC-1,clone_1
ATCATGGCATTATCCT-1,clone_0
ATCATGGGTTTAGCAC-1,clone_3
ATCCACCAGAAGCCCA-1,clone_0
ATCCACCAGGCTAGCA-1,clone_2
ATCCACCGTAATGACA-1,clone_0
ATCCACCGTGGATAAT-1,clone_0
ATCCGAACACCTTGCT-1,clone_0
ATCCGAACATAGGGCA-1,clone_0
ATCCGAAGTAAGATGT-1,clone_2
ATCCGAAGTTGAGCAG-1,clone_2
ATCCGAATCCACCCAT-1,clone_0
ATCCGAATCCAGACCG-1,clone_2
ATCCGAATCGGAAGAC-1,clone_2
ATCGAGTCATACAGAA-1,clone_2
ATCGAGTGTCTCGGTG-1,clone_2
ATCGAGTTCAAGCCAT-1,clone_1
ATCTACTCAACGTTTG-1,clone_0
ATCTACTGTCGCGTCA-1,clone_2
ATCTACTTCTGGCCTT-1,clone_0
ATGAGGGAGAAGGGTA-1,clone_0
ATGGGAGAGCTGAACG-1,clone_0
ATGGGAGGTACCACTA-1,clone_0
ATGTGTGAGGATATAC-1,clone_0
ATTACTCCAGAAGACC-1,clone_3
ATTACTCCAGTCCGCA-1,clone_0
ATTATCCAGGCATTGG-1,clone_2
ATTATCCAGTCGCGTC-1,clone_0
ATTATCCCAAAGCGCA-1,clone_0
ATTATCCCATTATCGG-1,clone_2
ATTATCCTCAGTGTGT-1,clone_2
ATTCTACCAAGCCAAG-1,clone_0
ATTCTACGTACTTGCA-1,clone_0
ATTCTACGTTGCCACG-1,clone_0
ATTGGTGGTGTCCTTC-1,clone_0
ATTTCTGAGGGTGTGT-1,clone_0
ATTTCTGAGTGAATTG-1,clone_0
ATTTCTGCACGTCATA-1,clone_0
CAACCTCAGAGAGCTC-1,clone_0
CAACCTCAGTCCAGGA-1,clone_0
CAACCTCTCCTTGCAC-1,clone_0
CAACTAGAGATAGTCA-1,clone_0
CAACTAGTCTACACCC-1,clone_3
CAAGGCCAGTGATTGA-1,clone_0
CAAGGCCCATGGCTAT-1,clone_3
CACAAACAGAGTAAGG-1,clone_0
CACAAACCAACGGGAT-1,clone_0
CACAAACTCAATAGGA-1,clone_0
CACACCTAGGACAGCT-1,clone_2
CACACCTAGTACGACG-1,clone_0
CACACCTCATCCTGGG-1,clone_0
CACACCTTCATTTGCT-1,clone_0
CACACTCCACCGTCGA-1,clone_0
CACAGGCCATGCAGTT-1,clone_0
CACAGGCGTTTGGCGC-1,clone_0
CACAGTACAGACTTGT-1,clone_0
CACATAGCACGAGATG-1,clone_0
CACATTTAGGAGTACC-1,clone_2
CACATTTTCAGCCCGA-1,clone_2
CACTCCATCATGCGCG-1,clone_0
CAGAATCAGCACACAG-1,clone_0
CAGAATCCATCGGTCG-1,clone_2
CAGAATCGTGTGAAAT-1,clone_0
CAGATCAAGTCCCACG-1,clone_3
CAGATCACACCCAAAT-1,clone_2
CAGCAGCAGTCGTGTT-1,clone_0
CAGCAGCTCATCGCGG-1,clone_0
CAGCATACAACGCGTC-1,clone_0
CAGCCGACAACCTGCG-1,clone_0
CAGCTAAAGAATCGTA-1,clone_0
CAGCTGGCAAAGGTTA-1,clone_2
CAGTAACGTGCCATTA-1,clone_0
CAGTAACTCCAGGTTA-1,clone_2
CAGTCCTCAGACGAGT-1,clone_0
CAGTCCTTCCACAGAT-1,clone_0
CATCAAGAGAACTCGG-1,clone_0
CATCAAGCAAGAATCA-1,clone_0
CATCAAGTCCGCGACA-1,clone_2
CATCAGAAGTTGTCGT-1,clone_1
CATCAGATCAACGATC-1,clone_1
CATCCACGTAGACGAC-1,clone_0
CATCCACTCATTTGCT-1,clone_0
CATCGAACACTAAGGG-1,clone_0
CATGACAGTTGTTCAG-1,clone_0
CATGACATCCTGACAA-1,clone_0
CATGGCGCAGCACACC-1,clone_0
CATGGCGTCCCGAATA-1,clone_2
CATTATCTCAACGATC-1,clone_2
CATTCGCCATAGAGCG-1,clone_2
CCAATCCAGGTTCCTA-1,clone_2
CCACCTAAGCTTTCAG-1,clone_2
CCACTACTCGATAAGA-1,clone_0
CCAGCGACACGCTGAC-1,clone_0
CCAGCGAGTGTGTTCA-1,clone_2
CCATGTCAGCAGATCG-1,clone_0
CCCAATCAGTTAGCGG-1,clone_0
CCCAGTTAGTATGACA-1,clone_0
CCCTCCTTCACGACGC-1,clone_0
CCGGGATAGGACAGCT-1,clone_0
CCGGTAGAGAATCGTA-1,clone_0
CCGGTAGCACCGAACC-1,clone_0
CCGTACTCAACCTGGC-1,clone_0
CCGTACTCACCTGCAG-1,clone_2
CCGTACTTCGCACAGC-1,clone_2
CCGTGGACACGGAATG-1,clone_0
CCGTGGACAGAGATCG-1,clone_2
CCGTTCACAACCTGGC-1,clone_2
CCGTTCAGTTGTTCAG-1,clone_0
CCTAAAGCAAGACGAC-1,clone_2
CCTACACAGCCATGCC-1,clone_1
CCTACACCAACCTGCG-1,clone_3
CCTACCACACTCTGGG-1,clone_0
CCTAGCTAGCCAACAG-1,clone_0
CCTAGCTGTCAAAGCG-1,clone_0
CCTAGCTTCGGAGAAC-1,clone_3
CCTATTACAGAACCAG-1,clone_0
CCTATTAGTTCAGGTT-1,clone_2
CCTCAGTAGACCTAGG-1,clone_0
CCTCAGTAGAGCTTCT-1,clone_2
CCTCAGTGTCAACCTA-1,clone_2
CCTCTGACACAAGCGA-1,clone_0
CCTTCCCCACCGAACC-1,clone_0
CCTTCCCTCGAGAATA-1,clone_0
CCTTCGACATCTCAAG-1,clone_1
CCTTTCTAGCGCCTCA-1,clone_0
CCTTTCTCAACACGTT-1,clone_2
CCTTTCTCAGATGAAT-1,clone_2
CCTTTCTTCACTCATT-1,clone_2
CGAACATCAACCTGCG-1,clone_1
CGAATGTGTACTGCTA-1,clone_0
CGACCTTAGCAACGGT-1,clone_2
CGACTTCAGGACAGCT-1,clone_0
CGACTTCGTGAGCGAT-1,clone_0
CGAGAAGGTGAGCGAT-1,clone_3
CGAGCACGTTTGGCGC-1,clone_0
CGAGCCACATCCTGGG-1,clone_0
CGATGGCAGTACGTAA-1,clone_0
CGATGGCGTACAATAG-1,clone_0
CGATGGCGTCTTGCGG-1,clone_0
CGATTGAAGAGCCCAA-1,clone_2
CGCCAAGGTCAAAGCG-1,clone_2
CGCCAAGGTCAGAAGC-1,clone_0
CGCGGTATCCGCACGA-1,clone_0
CGCGGTATCGATAAGA-1,clone_0
CGCGTTTTCCTTGAAG-1,clone_1
CGCGTTTTCTTGGCCT-1,clone_0
CGCTGGAAGGGTCGAT-1,clone_0
CGCTGGAAGTAAGTAC-1,clone_0
CGCTGGAAGTATGACA-1,clone_0
CGCTGGATCAGTAAAG-1,clone_0
CGCTGGATCTCATCCG-1,clone_2
CGCTTCAGTCGATACT-1,clone_3
CGGACACTCGACAATC-1,clone_0
CGGACGTGTATGTAGA-1,clone_2
CGGACTGGTAATATGG-1,clone_2
CGGACTGGTTTGGGCC-1,clone_2
CGGAGCTAGTATGACA-1,clone_2
CGGAGCTCACAAGCTT-1,clone_0
CGGAGTCAGTCCCGAC-1,clone_0
CGGAGTCCACACGTGC-1,clone_0
CGGAGTCCACGAGCTC-1,clone_0
CGGTTAACACCTGGCA-1,clone_0
CGTAGGCAGAGCTGGT-1,clone_2
CGTCACTAGGTAACGC-1,clone_3
CGTCACTTCCAAAGAA-1,clone_2
CGTCAGGCAGACGAGT-1,clone_3
CGTCAGGCAGAGGTCA-1,clone_2
CGTCAGGTCATCAGGT-1,clone_0
CGTCTACAGCCTATGT-1,clone_0
CGTCTACAGTTTGCGT-1,clone_2
CGTCTACGTGATTACC-1,clone_2
CGTGTAACAACATGGG-1,clone_0
CGTTAGACATCGTCAA-1,clone_0
CGTTCTGAGGGATACC-1,clone_3
CGTTCTGCACAGTGTT-1,clone_2
CGTTGGGAGCAGCCTC-1,clone_1
CGTTGGGGTTATCCGA-1,clone_0
CGTTGGGTCATTGCTT-1,clone_2
CTAACTTAGTGTGATA-1,clone_0
CTAACTTCAGTACCTA-1,clone_0
CTAAGACAGACAGGCT-1,clone_0
CTAAGACCACATCTAG-1,clone_0
CTAAGACGTTGCTGAT-1,clone_2
CTAAGACTCTCCTGGT-1,clone_0
CTAATGGAGGACCAGT-1,clone_2
CTAATGGCAAATCAGA-1,clone_0
CTAATGGTCCAGGCGT-1,clone_2
CTACACCAGTGGCACA-1,clone_0
CTACATTGTAATATGG-1,clone_2
CTACATTGTGTGATCT-1,clone_0
CTACGTCGTCCGGTGT-1,clone_2
CTACGTCTCGTATTGG-1,clone_2
CTAGAGTCAATAGGAT-1,clone_0
CTAGAGTTCCTTGCAC-1,clone_0
CTAGCCTCAACTAGTC-1,clone_0
CTCACACCATGCCGCA-1,clone_0
CTCACACGTCCTACCT-1,clone_0
CTCATTACAGGGACTA-1,clone_2
CTCCTAGCATCTCGAA-1,clone_0
CTCCTAGTCATCTTTG-1,clone_2
CTCCTAGTCATTTCGT-1,clone_0
CTCGAAACAAGCTACT-1,clone_2
CTCGAGGGTGTTCCGG-1,clone_0
CTCTAATAGATAGTCA-1,clone_0
CTCTAATAGGCCATAG-1,clone_1
CTCTAATTCAGGTGAG-1,clone_2
CTCTACGAGGGTGTGT-1,clone_0
CTCTACGCATGACCGC-1,clone_2
CTCTGGTAGATTACCC-1,clone_3
CTCTGGTTCTGTCGAA-1,clone_0
CTGATAGTCAGCGGCT-1,clone_2
CTGATCCAGATACACA-1,clone_2
CTGATCCGTAGTCAAA-1,clone_0
CTGCCTAAGTAGCGGT-1,clone_0
CTGCCTACAGACTTGT-1,clone_0
CTGCCTATCTAGCTAG-1,clone_1
CTGCGGAGTGCAGGTA-1,clone_0
CTGCGGATCCAAAGAA-1,clone_0
CTGCTGTAGGCTCATT-1,clone_0
CTGGTCTAGCGGCTTC-1,clone_2
CTGGTCTTCCCACAAA-1,clone_2
CTGTGCTGTCAAGCAG-1,clone_2
CTGTTTAAGTTTCTGG-1,clone_0
CTTAACTTCGAGTATC-1,clone_0
CTTACCGTCAGTACCA-1,clone_0
CTTAGGACACCTGGCA-1,clone_0
CTTCTCTCAACGTTTG-1,clone_0
CTTCTCTTCAGAGTAA-1,clone_2
CTTGGCTTCGCCCAGA-1,clone_0
CTTTGCGGTTTACTTC-1,clone_2
GAAACTCTCCGAGTCG-1,clone_1
GAAATGACAACATAGA-1,clone_0
GAACATCAGCGATCCC-1,clone_1
GAACATCAGTGATCGG-1,clone_2
GAACCTACAGCGCTTG-1,clone_0
GAACGGAAGGGCCATA-1,clone_0
GAACGGATCCCAAGCG-1,clone_0
GAATAAGAGTGGGTAC-1,clone_1
GAATGAAAGCGTCAAG-1,clone_0
GACACGCAGCGAGAAA-1,clone_0
GACACGCGTCCGATGC-1,clone_0
GACACGCTCCGTAATG-1,clone_3
GACACGCTCTGTATTC-1,clone_2
GACAGAGTCAGCAGCC-1,clone_0
GACCAATGTACTCCGG-1,clone_0
GACCAATGTCGCCAAC-1,clone_0
GACCAATTCCAGTCTC-1,clone_2
GACCTGGAGGCGCTCT-1,clone_0
GACCTGGAGTGTTGAA-1,clone_0
GACCTGGGTAACGAGC-1,clone_1
GACCTGGGTCGTAATC-1,clone_0
GACGCGTTCACCACGG-1,clone_2
GACGGCTAGGTAAACT-1,clone_0
GACGGCTTCTGCTGAA-1,clone_0
GACGTGCCAAATCGCT-1,clone_0
GACGTGCGTTCGCGTG-1,clone_0
GACTAACCATCGTCAA-1,clone_0
GACTACACAAGTGAGC-1,clone_0
GACTACACATCCGTTC-1,clone_0
GACTGCGGTCATACCA-1,clone_3
GAGCAGATCAGGACAG-1,clone_2
GAGGTGACAAAGGGTC-1,clone_0
GAGGTGAGTGCTTCGG-1,clone_2
GAGGTGAGTGGGAAGG-1,clone_3
GAGTCCGAGATTACCC-1,clone_0
GATCGATCATGAGGCA-1,clone_0
GATCGATGTAATCAGA-1,clone_2
GATCGATGTATGAAAC-1,clone_2
GATCGATGTTATCGGT-1,clone_0
GATCGCGAGAGACTAT-1,clone_0
GATCGCGCAGAGCTCC-1,clone_0
GATCGTAGTTTGGGCC-1,clone_1
GATCTAGCAGAATTCC-1,clone_0
GATCTAGGTTGGTATC-1,clone_1
GATGAAAAGACAGACC-1,clone_0
GATGAAACATAGGTCT-1,clone_3
GATGAAATCAGTGAAA-1,clone_0
GATGAGGAGGAGTAGA-1,clone_2
GATGAGGAGTGTGATA-1,clone_3
GATGAGGCATGGGCCT-1,clone_0
GATGAGGTCCACAGAT-1,clone_0
GATGCTACAAAGTGGC-1,clone_1
GATGCTACAAGAGAGA-1,clone_0
GATTCAGAGGCATATA-1,clone_0
GATTCAGAGTTAGCGG-1,clone_2
GATTCAGTCCGACGTG-1,clone_0
GCAAACTAGCGTGTGA-1,clone_0
GCAAACTGTATACACC-1,clone_0
GCAATCACAGAACCAG-1,clone_0
GCAATCATCTGGGACC-1,clone_2
GCACATAAGATTCACC-1,clone_0
GCACATAAGCAGTAGC-1,clone_0
GCACATATCCAAGGGA-1,clone_1
GCACTCTAGTCGTCCG-1,clone_2
GCACTCTGTAATCAGA-1,clone_0
GCAGCCAAGGTATCGG-1,clone_0
GCAGTTACAGTACCTA-1,clone_2
GCATACAAGTGAAGTT-1,clone_0
GCATGATTCCTACCTG-1,clone_0
GCATGCGAGCTGTTCA-1,clone_0
GCATGCGTCGATAAGA-1,clone_0
GCATGTACAGAACCAG-1,clone_2
GCATGTAGTGTCTAAC-1,clone_3
GCCAAATAGGAAACTT-1,clone_0
GCCAAATGTTACTGAC-1,clone_0
GCCTCTATCCAAGGGA-1,clone_2
GCGAGAAAGAGCGAAA-1,clone_0
GCGAGAACACATCTAG-1,clone_3
GCGAGAAGTATGTACC-1,clone_2
GCGAGAAGTCCTTGGG-1,clone_2
GCGAGAATCTAGACAC-1,clone_2
GCGCAACCATTTAGGC-1,clone_2
GCGCAACCATTTCCAT-1,clone_1
GCGCCAAAGTAGTATG-1,clone_0
GCGCCAAGTACCAAGG-1,clone_2
GCGCCAATCATCAGGT-1,clone_0
GCGCGATGTAGAACAT-1,clone_0
GCGCGATTCCACCGGA-1,clone_2
GCGGGTTAGGTGCTTT-1,clone_0
GCTCTGTCATCTGTAG-1,clone_0
GCTGCAGAGCACCGCT-1,clone_0
GCTGCGAGTAAGTGTA-1,clone_0
GCTGCGAGTCAAGCCC-1,clone_0
GCTGCTTAGGACTGGT-1,clone_2
GCTGCTTAGGTATCGG-1,clone_2
GCTGCTTTCCCACAAA-1,clone_0
GCTGGGTAGTGGCACA-1,clone_0
GCTGGGTTCGACGAAG-1,clone_0
GCTTCCAAGCAAAGTT-1,clone_0
GCTTGAATCCACTCGT-1,clone_2
GGAAAGCCAGCTCATA-1,clone_3
GGAACTTAGAGCAATT-1,clone_1
GGAACTTAGGTAGCCA-1,clone_2
GGAATAATCTGGCCTT-1,clone_0
GGACAAGAGTAGATGT-1,clone_0
GGACAAGCAACGGGAT-1,clone_2
GGACAAGCACGCCTGA-1,clone_0
GGACAAGGTCCGAATT-1,clone_0
GGACAAGTCGTTATCT-1,clone_0
GGACAGAAGATCCTGT-1,clone_2
GGACAGACACATCGAT-1,clone_0
GGACAGACAGCGATGA-1,clone_2
GGACATTCATAGACAA-1,clone_0
GGACGTCTCTCGAACA-1,clone_2
GGAGCAATCTGCTACC-1,clone_0
GGATGTTGTATACACC-1,clone_0
GGATGTTGTGACTGAG-1,clone_0
GGATGTTTCGACCCTT-1,clone_0
GGATTACAGCTGAAAT-1,clone_0
GGATTACCAGTTCCGG-1,clone_0
GGCAATTTCGGAAGAC-1,clone_0
GGCAATTTCGGGTCCA-1,clone_2
GGCCGATGTCATCTAG-1,clone_2
GGCTCGATCGTGAGGA-1,clone_2
GGCTGGTTCCGCTGGA-1,clone_0
GGCTGGTTCTAGAGCT-1,clone_2
GGGACCTCACAGAAAT-1,clone_1
GGGACCTCACGATGGA-1,clone_0
GGGAGATAGGGCCATA-1,clone_0
GGGAGATGTCGCTTCT-1,clone_0
GGGAGATGTGTTACGT-1,clone_0
GGGAGATTCAGAGTAA-1,clone_2
GGGAGATTCATTGCTT-1,clone_2
GGGATGAAGAATTGTG-1,clone_2
GGGATGAGTGCATGAG-1,clone_2
GGGATGAGTGGTAACG-1,clone_0
GGGATGATCTACAGCA-1,clone_0
GGGCACTGTGCCTGGT-1,clone_0
GGGCATCAGAATGGGA-1,clone_0
GGGCATCAGGGTTCCC-1,clone_2
GGGCATCCAGTAGGGT-1,clone_0
GGGTCTGAGATGTCTC-1,clone_0
GGGTCTGCACCGGCAT-1,clone_0
GGGTTGCGTGCGAAAC-1,clone_2
GGTATTGAGTGGGTAC-1,clone_0
GGTATTGGTTTACTTC-1,clone_0
GGTGAAGTCAACAGCT-1,clone_0
GGTGTTATCTAGCTAG-1,clone_0
GTAACGTAGGACGAAA-1,clone_0
GTACGTAGTCAACTGT-1,clone_0
GTACTCCAGTGGTAGC-1,clone_0
GTACTCCCATACCAGT-1,clone_2
GTACTCCGTGCAGGTA-1,clone_2
GTACTTTAGTGGGTAC-1,clone_2
GTACTTTGTGCTATTG-1,clone_0
GTACTTTGTGCTCTGG-1,clone_0
GTAGGCCCACCACACG-1,clone_0
GTATCTTAGGCTACGA-1,clone_1
GTATCTTGTAACTTCG-1,clone_0
GTATCTTTCATGTGAC-1,clone_0
GTCAAGTTCTTTCGCG-1,clone_0
GTCACAATCAATCTTC-1,clone_0
GTCACGGAGCGGATCA-1,clone_0
GTCACGGAGCTAGTTC-1,clone_2
GTCATTTCAACAACTC-1,clone_0
GTCATTTCAAGGCGTA-1,clone_2
GTCATTTTCTGATGGT-1,clone_0
GTCCTCAGTACAGGAC-1,clone_2
GTCGGGTCATGGCACC-1,clone_1
GTCGTAATCACCGGTG-1,clone_0
GTCTCGTAGAGCAATT-1,clone_0
GTCTTCGAGTAATCCC-1,clone_0
GTGAAGGGTCTTACCC-1,clone_2
GTGCAGCAGAGTAATC-1,clone_0
GTGCAGCGTCCATTGA-1,clone_2
GTGCAGCTCGATACAC-1,clone_0
GTGCGGTCAGGTGCAA-1,clone_2
GTGCGGTTCTCTCTAA-1,clone_0
GTGCTTCCAAGGGTGT-1,clone_3
GTGCTTCGTAAGCGCA-1,clone_1
GTGGGTCCATATCGTG-1,clone_0
GTGGGTCTCTGTGGCG-1,clone_1
GTGTTAGAGGAGTACC-1,clone_1
GTGTTAGAGGCTCTTA-1,clone_0
GTGTTAGGTCCGAATT-1,clone_0
GTTAAGCGTAACGCGA-1,clone_0
GTTACAGAGGAATGGA-1,clone_0
GTTACAGGTTTACTTC-1,clone_2
GTTCATTGTTTAGCAC-1,clone_0
GTTCGGGCAATCCATG-1,clone_3
GTTCGGGCAATCGTCA-1,clone_0
GTTCTCGAGGCCGAAT-1,clone_0
TAAACCGAGGTGACCA-1,clone_2
TAAACCGGTTCCCACT-1,clone_1
TAAGAGAAGAATGTGT-1,clone_0
TAAGAGACACAAGCTT-1,clone_2
TAAGAGACAGTCCCTT-1,clone_0
TAAGAGATCCACTCGT-1,clone_0
TAAGCGTAGCGAACTG-1,clone_0
TAAGTGCCATGAGGGT-1,clone_2
TAAGTGCTCAGCAGCC-1,clone_0
TAAGTGCTCGTCTAAG-1,clone_2
TAAGTGCTCTGAAGTC-1,clone_0
TACAGTGCACATTGGT-1,clone_0
TACCTATAGGCCCGTT-1,clone_0
TACCTATTCGCAACGC-1,clone_0
TACCTTAAGCTGCGAA-1,clone_0
TACCTTACAGTAGGGT-1,clone_0
TACCTTACATGCAGTT-1,clone_3
TACCTTAGTTCGGTGC-1,clone_0
TACGGGCCACGCTGAC-1,clone_2
TACTCATAGACAGACC-1,clone_1
TACTCATGTGCGTCAC-1,clone_0
TACTCATTCCTCCTGA-1,clone_0
TACTCGCCAATCGTCA-1,clone_0
TACTCGCGTCAGCCGT-1,clone_1
TACTTACTCAAGTTGC-1,clone_3
TACTTGTCATAGGGCA-1,clone_1
TAGACCAAGAGGGCTT-1,clone_2
TAGCCGGTCATGGGCC-1,clone_0
TAGGCATAGGGTAACC-1,clone_0
TAGGCATTCCGCGGAT-1,clone_0
TAGTGGTAGAATCGTA-1,clone_2
TAGTGGTTCCCTGAGG-1,clone_0
TAGTTGGGTCAACTCA-1,clone_0
TAGTTGGGTTGCACTA-1,clone_0
TATCAGGCAGTCCGCA-1,clone_3
TATCAGGTCTCCCTAG-1,clone_0
TATCAGGTCTGGTAGT-1,clone_0
TATCTCAGTCAACTCA-1,clone_0
TATGCCCTCACACTAG-1,clone_0
TATTACCCAGTTGCCG-1,clone_0
TCACAAGAGGATGTCG-1,clone_0
TCAGATGTCCAACGAT-1,clone_2
TCAGCAAGTCAGAAGC-1,clone_0
TCAGGATCAGTGTAGG-1,clone_0
TCAGGTAGTACTTGCA-1,clone_1
TCAGGTAGTGCAGGTA-1,clone_0
TCAGGTATCGTTCGAA-1,clone_1
TCATTACAGTAACCCT-1,clone_0
TCATTACCACGTACAT-1,clone_0
TCATTACGTGGGCCTT-1,clone_0
TCATTTGCATAGAGGC-1,clone_0
TCCACACCATACAGAA-1,clone_0
TCCACACTCAGAAACA-1,clone_0
TCGAGGCGTAAGAGAG-1,clone_0
TCGAGGCGTACGTTCA-1,clone_0
TCGCGAGTCGTAAGGG-1,clone_0
TCGGGACTCATATCTC-1,clone_0
TCGGTAAGTTTGCCTC-1,clone_0
TCGGTAATCAAGTGCT-1,clone_0
TCGTACCAGCCACCTG-1,clone_0
TCGTACCAGGTGCTAG-1,clone_0
TCGTACCCAACCCAAT-1,clone_0
TCGTAGAAGGTGTGCA-1,clone_0
TCGTAGAGTAAGCGCA-1,clone_0
TCGTAGAGTGCGTCAC-1,clone_2
TCTCTAACACTACGTA-1,clone_0
TCTCTAAGTAATGACA-1,clone_0
TCTCTAATCAGTGCCG-1,clone_3
TCTCTAATCGTAGCGC-1,clone_3
TCTCTAATCGTGTCAA-1,clone_0
TCTGAGACAGCGTCAC-1,clone_0
TCTGAGACATTTGTGG-1,clone_0
TCTGAGATCGACAACT-1,clone_0
TCTTCGGGTACCGCTG-1,clone_2
TGACGGCGTAAGCGCA-1,clone_0
TGACGGCTCATTTGCT-1,clone_0
TGACTAGAGAGTAAGG-1,clone_0
TGACTAGCAACGCTTA-1,clone_0
TGACTTTAGAATGTTG-1,clone_0
TGACTTTTCGCCCAGA-1,clone_0
TGAGAGGCACTTTCCG-1,clone_0
TGAGAGGGTAGGGTGT-1,clone_0
TGAGAGGTCATCACTT-1,clone_0
TGAGCATTCGCCTGGA-1,clone_0
TGAGCCGCAATTAAGG-1,clone_0
TGAGGGATCAACGATC-1,clone_0
TGATTTCGTAGTGGCA-1,clone_1
TGATTTCGTTCTGTCC-1,clone_0
TGCCAAAGTCACGCAC-1,clone_0
TGCCAAATCGTTCGGG-1,clone_0
TGCCCATAGTTCGATC-1,clone_0
TGCCCTAAGACAGGCT-1,clone_0
TGCCCTAAGCGAACTG-1,clone_2
TGCCCTAGTTTGGCGC-1,clone_0
TGCCCTATCGTATTGG-1,clone_0
TGCGCAGCATGGAGAC-1,clone_0
TGCGTGGTCCCAAGCG-1,clone_0
TGCTACCAGCTCCTTC-1,clone_2
TGCTACCGTCCGATGC-1,clone_3
TGGACGCAGGGAGTAA-1,clone_0
TGGACGCTCTATGCAG-1,clone_2
TGGACGCTCTGGTGAT-1,clone_2
TGGCCAGAGGGATTCG-1,clone_0
TGGCCAGGTTAAGATG-1,clone_0
TGGCCAGGTTATCCGA-1,clone_0
TGGCCAGTCACACGTA-1,clone_0
TGGCGCAGTACGTGCC-1,clone_1
TGGTTAGCAACAACTC-1,clone_1
TGGTTAGGTTATGCGT-1,clone_1
TGGTTCCAGAGAGCTC-1,clone_1
TGTCCCAGTATAAGTG-1,clone_0
TGTGGTACACGTATGT-1,clone_0
TGTGTTTCACTAAGGG-1,clone_0
TTAACTCAGTCGTACT-1,clone_2
TTAACTCCAGACTTGT-1,clone_0
TTAACTCGTCAGTGGA-1,clone_0
TTAACTCTCATCAGGT-1,clone_1
TTAGGACGTACAAGGC-1,clone_2
TTAGGACTCCACCTTG-1,clone_2
TTAGGACTCTACAGTG-1,clone_0
TTAGGACTCTTGCTTA-1,clone_0
TTAGTTCTCCACCGGA-1,clone_1
TTATGCTAGTGGGTAC-1,clone_2
TTCCCAGCACGTAGGA-1,clone_0
TTCCCAGGTCATCCAA-1,clone_1
TTCGAAGAGAAAGCTT-1,clone_2
TTCGAAGAGAAGGACA-1,clone_0
TTCGAAGCATTATCCT-1,clone_0
TTCGAAGTCACCAGCG-1,clone_0
TTCGAAGTCATGGTGT-1,clone_2
TTCGGTCGTAACGACG-1,clone_2
TTCGGTCGTCCGATGC-1,clone_2
TTCTACAGTTCTTCGC-1,clone_0
TTCTACATCGCGGACT-1,clone_0
TTCTCCTAGTACGTTC-1,clone_0
TTCTCCTGTCACCAGC-1,clone_0
TTCTCCTGTGGATAGC-1,clone_0
TTCTCCTTCTAGACAC-1,clone_0
TTGAACGAGCAAATCA-1,clone_2
TTGAACGGTTCTTCGC-1,clone_2
TTGACTTCACCAATGT-1,clone_0
TTGACTTGTCCGAATT-1,clone_0
TTGCCGTCAGACACGA-1,clone_0
TTGCCGTTCCCGAATA-1,clone_0
TTGCGTCTCCGCGACA-1,clone_2
TTGCGTCTCTGGATCA-1,clone_0
TTGGAACTCTTGTCCG-1,clone_0
TTGGCAATCGTATTGG-1,clone_0
TTGTAGGTCGCTAGTA-1,clone_0
TTTACTGAGGTAAACT-1,clone_0
TTTATGCAGTCTAGCT-1,clone_2
TTTATGCGTTTGCCTC-1,clone_2
TTTCCTCTCATCAGCA-1,clone_0
TTTGGTTGTACCGTGC-1,clone_0
TTTGGTTTCAGGACAG-1,clone_2
TTTGGTTTCGTTCAAG-1,clone_0
TTTGTCACACAATCAC-1,clone_0
TTTGTCATCGAAGCGA-1,clone_0
