,cell,clone
0,AAACCTGAGCAACGGT.1,1
1,AAACCTGTCAGCGGCT.1,1
2,AAACGGGCAAGACGAC.1,1
3,AAACGGGGTACCATCA.1,1
4,AAACGGGTCAGATTCG.1,0
5,AAACGGGTCTAGCAGT.1,1
6,AAAGATGGTCCCACAG.1,1
7,AAAGCAAAGTGCCATT.1,0
8,AAAGCAAGTCACCTGG.1,0
9,AAAGCAATCGAGTACT.1,0
10,AAAGTAGAGCGACGTA.1,1
11,AAAGTAGAGGGATCTG.1,0
12,AAATGCCGTTGGTGAG.1,0
13,AACACGTCAGAGGCAT.1,1
14,AACACGTGTGAGCTCC.1,1
15,AACACGTTCTGTTGTT.1,1
16,AACCATGCAAAGTGGC.1,1
17,AACCATGGTTGGGCAA.1,1
18,AACCATGTCTCAGCGG.1,1
19,AACGTTGTCCGCTCTA.1,0
20,AACTCCCAGGCTAGAC.1,1
21,AACTGGTCACCTGGCA.1,0
22,AACTGGTGTCATGTTG.1,1
23,AACTGGTTCGGGAAAC.1,1
24,AAGACCTAGGCTGCTC.1,1
25,AAGACCTAGGGTCGAT.1,0
26,AAGACCTCACGTTTAG.1,1
27,AAGCCGCTCGTGTGGC.1,0
28,AAGGAGCCATAGGGCA.1,0
29,AAGGAGCCATCTTTCA.1,1
30,AAGGCAGGTTGACCCG.1,1
31,AAGGTTCAGATGTGGC.1,1
32,AAGTCTGCAGCGTGTC.1,0
33,AAGTCTGCATGCCGCA.1,1
34,AATCGGTAGCAAAGTT.1,1
35,ACACCAAAGATGTGGC.1,0
36,ACACCAAAGGATGTAT.1,1
37,ACACCAAAGTAACCCT.1,1
38,ACACCCTCAACGAAAT.1,1
39,ACACCCTCAACTCGCG.1,0
40,ACACCCTTCAGCCCGA.1,1
41,ACACCCTTCTCACCTG.1,1
42,ACACCGGTCTTAGCTT.1,1
43,ACACTGATCATTCGCC.1,1
44,ACAGCCGAGGCGATAC.1,1
45,ACAGCTAAGATATGCA.1,1
46,ACATACGAGTGGAGAA.1,1
47,ACATGGTTCTGGTAGT.1,1
48,ACCAGTAAGTTTCCTT.1,0
49,ACCAGTACAGCGCTTG.1,1
50,ACCAGTAGTAGGATAT.1,1
51,ACCAGTATCATTGGAC.1,1
52,ACCCACTTCTAACGTG.1,1
53,ACCGTAACAACCTGGC.1,1
54,ACGAGCCAGGCATGGT.1,1
55,ACGAGGAAGCTGCGAA.1,1
56,ACGAGGAAGGCCATAG.1,0
57,ACGAGGACAGCTTGAT.1,1
58,ACGAGGATCGCGTGGT.1,1
59,ACGATACAGCGAACTG.1,0
60,ACGATACGTTTGGCTA.1,0
61,ACGATGTCATGCCATA.1,0
62,ACGCAGCTCAAGAAAC.1,1
63,ACGCAGCTCAGCGCGT.1,1
64,ACGCCAGTCGAGTACT.1,0
65,ACGGAGACATGAATGA.1,1
66,ACGGAGAGTACGTCAT.1,0
67,ACGGAGATCACACCTC.1,1
68,ACGGCCATCTCGAATG.1,1
69,ACGGCCATCTGTATTC.1,1
70,ACGGGCTGTACTCGCG.1,0
71,ACGGGTCCACGTATGT.1,1
72,ACGGGTCCATCTTTCA.1,0
73,ACGGGTCCATTCTTCA.1,1
74,ACGTCAATCATTTCGT.1,1
75,ACTATCTAGGGTTTCT.1,0
76,ACTATCTGTTACGCGC.1,1
77,ACTGAACCAACTACTG.1,0
78,ACTGAACTCGAACCCG.1,1
79,ACTGAGTAGTGATGGC.1,0
80,ACTGAGTCAATTGAAG.1,1
81,ACTGAGTCACAAACTC.1,1
82,ACTGCTCTCTAAGACC.1,1
83,ACTTTCATCGATCCGG.1,0
84,AGAATAGAGAGTACAT.1,0
85,AGAATAGCACATTCAG.1,1
86,AGACGTTAGACTTTCG.1,0
87,AGACGTTAGCGTCGTC.1,0
88,AGACGTTCATGTATGC.1,0
89,AGACGTTGTTTACTTC.1,1
90,AGAGCGAAGCAAATCA.1,1
91,AGAGCTTAGGCATATA.1,1
92,AGATCTGAGCAAATCA.1,0
93,AGATCTGAGGATGTAT.1,0
94,AGATCTGCATCCCAAA.1,0
95,AGATCTGTCGTGAGGA.1,1
96,AGATTGCTCCTCTGTG.1,1
97,AGATTGCTCGTTAAGC.1,1
98,AGCAGCCCAACACCGC.1,1
99,AGCAGCCGTTATGCGT.1,0
100,AGCAGCCGTTGATCTG.1,0
101,AGCCTAAAGGTTCCTA.1,0
102,AGCCTAAGTACTCCGG.1,1
103,AGCCTAATCTGGTGAT.1,0
104,AGCGGTCAGTTAGGTA.1,1
105,AGCGTCGCACTCTCTG.1,1
106,AGCGTCGGTTTAGCAC.1,1
107,AGCTCCTAGTGGCACA.1,1
108,AGCTCCTCAGCGCCAT.1,0
109,AGCTCCTGTACCAAGG.1,1
110,AGCTCCTGTACTGTTG.1,1
111,AGCTCCTGTCGCCAAC.1,0
112,AGCTTGAAGCAGTCTT.1,1
113,AGCTTGACACAGCCAC.1,0
114,AGGCCACGTTAGAGCG.1,1
115,AGGCCGTGTGCCTGGT.1,1
116,AGGCCGTTCGCTAGTA.1,1
117,AGGGAGTCAACATCAC.1,1
118,AGGGAGTGTAGACCAG.1,1
119,AGGGAGTGTGTCTGTA.1,0
120,AGGGAGTTCAGCCCGA.1,1
121,AGGGAGTTCGACTTCC.1,0
122,AGGGTGATCCTCGACT.1,0
123,AGGTCATCACAATCAC.1,0
124,AGGTCATGTGTTCGAT.1,1
125,AGTAGTCCAGGCCGTT.1,1
126,AGTAGTCCAGTGCTGC.1,0
127,AGTCTTTAGACGCTTT.1,1
128,AGTCTTTCAAGCATGG.1,0
129,AGTCTTTGTGTAAAGT.1,1
130,AGTGAGGAGGTGCAAC.1,0
131,AGTGAGGCAATTCACG.1,1
132,AGTGGGAGTAACTAAG.1,1
133,AGTGTCATCTGCTACC.1,1
134,ATAACGCTCAGTGTGT.1,1
135,ATAAGAGGTCTTCGCT.1,1
136,ATAGACCAGTGGTAGC.1,0
137,ATAGACCGTCTTGCGG.1,0
138,ATAGACCGTTCCACAA.1,1
139,ATCACGAAGGCATGGT.1,1
140,ATCACGAGTGCTTTCC.1,1
141,ATCACGAGTGTAGTTC.1,1
142,ATCATCTAGTCCCGAC.1,1
143,ATCATCTGTATGCGGA.1,1
144,ATCATGGAGCGTGAAC.1,0
145,ATCATGGCATTATCCT.1,1
146,ATCATGGGTTTAGCAC.1,0
147,ATCCACCAGAAGCCCA.1,1
148,ATCCACCAGGCTAGCA.1,0
149,ATCCACCGTAATGACA.1,1
150,ATCCACCGTGGATAAT.1,1
151,ATCCGAACACCTTGCT.1,1
152,ATCCGAACATAGGGCA.1,1
153,ATCCGAAGTAAGATGT.1,0
154,ATCCGAAGTTGAGCAG.1,0
155,ATCCGAATCCACCCAT.1,1
156,ATCCGAATCCAGACCG.1,0
157,ATCCGAATCGGAAGAC.1,0
158,ATCGAGTCATACAGAA.1,0
159,ATCGAGTGTCTCGGTG.1,0
160,ATCGAGTTCAAGCCAT.1,0
161,ATCTACTCAACGTTTG.1,1
162,ATCTACTGTCGCGTCA.1,0
163,ATCTACTTCTGGCCTT.1,1
164,ATGAGGGAGAAGGGTA.1,1
165,ATGGGAGAGCTGAACG.1,1
166,ATGGGAGGTACCACTA.1,1
167,ATGTGTGAGGATATAC.1,1
168,ATTACTCCAGAAGACC.1,0
169,ATTACTCCAGTCCGCA.1,1
170,ATTATCCAGGCATTGG.1,0
171,ATTATCCAGTCGCGTC.1,1
172,ATTATCCCAAAGCGCA.1,1
173,ATTATCCCATTATCGG.1,0
174,ATTATCCTCAGTGTGT.1,0
175,ATTCTACCAAGCCAAG.1,1
176,ATTCTACGTACTTGCA.1,1
177,ATTCTACGTTGCCACG.1,0
178,ATTGGTGGTGTCCTTC.1,1
179,ATTTCTGAGGGTGTGT.1,1
180,ATTTCTGAGTGAATTG.1,1
181,ATTTCTGCACGTCATA.1,1
182,CAACCTCAGAGAGCTC.1,1
183,CAACCTCAGTCCAGGA.1,1
184,CAACCTCTCCTTGCAC.1,1
185,CAACTAGAGATAGTCA.1,1
186,CAACTAGTCTACACCC.1,0
187,CAAGGCCAGTGATTGA.1,1
188,CAAGGCCCATGGCTAT.1,0
189,CACAAACAGAGTAAGG.1,1
190,CACAAACCAACGGGAT.1,1
191,CACAAACTCAATAGGA.1,1
192,CACACCTAGGACAGCT.1,0
193,CACACCTAGTACGACG.1,1
194,CACACCTCATCCTGGG.1,1
195,CACACCTTCATTTGCT.1,1
196,CACACTCCACCGTCGA.1,1
197,CACAGGCCATGCAGTT.1,1
198,CACAGGCGTTTGGCGC.1,1
199,CACAGTACAGACTTGT.1,1
200,CACATAGCACGAGATG.1,1
201,CACATTTAGGAGTACC.1,0
202,CACATTTTCAGCCCGA.1,0
203,CACTCCATCATGCGCG.1,1
204,CAGAATCAGCACACAG.1,1
205,CAGAATCCATCGGTCG.1,0
206,CAGAATCGTGTGAAAT.1,1
207,CAGATCAAGTCCCACG.1,0
208,CAGATCACACCCAAAT.1,0
209,CAGCAGCAGTCGTGTT.1,1
210,CAGCAGCTCATCGCGG.1,1
211,CAGCATACAACGCGTC.1,1
212,CAGCCGACAACCTGCG.1,1
213,CAGCTAAAGAATCGTA.1,1
214,CAGCTGGCAAAGGTTA.1,0
215,CAGTAACGTGCCATTA.1,1
216,CAGTAACTCCAGGTTA.1,0
217,CAGTCCTCAGACGAGT.1,1
218,CAGTCCTTCCACAGAT.1,1
219,CATCAAGAGAACTCGG.1,1
220,CATCAAGCAAGAATCA.1,1
221,CATCAAGTCCGCGACA.1,0
222,CATCAGAAGTTGTCGT.1,0
223,CATCAGATCAACGATC.1,0
224,CATCCACGTAGACGAC.1,1
225,CATCCACTCATTTGCT.1,1
226,CATCGAACACTAAGGG.1,1
227,CATGACAGTTGTTCAG.1,1
228,CATGACATCCTGACAA.1,1
229,CATGGCGCAGCACACC.1,1
230,CATGGCGTCCCGAATA.1,0
231,CATTATCTCAACGATC.1,0
232,CATTCGCCATAGAGCG.1,0
233,CCAATCCAGGTTCCTA.1,0
234,CCACCTAAGCTTTCAG.1,0
235,CCACTACTCGATAAGA.1,1
236,CCAGCGACACGCTGAC.1,1
237,CCAGCGAGTGTGTTCA.1,0
238,CCATGTCAGCAGATCG.1,1
239,CCCAATCAGTTAGCGG.1,1
240,CCCAGTTAGTATGACA.1,1
241,CCCTCCTTCACGACGC.1,1
242,CCGGGATAGGACAGCT.1,1
243,CCGGTAGAGAATCGTA.1,1
244,CCGGTAGCACCGAACC.1,1
245,CCGTACTCAACCTGGC.1,1
246,CCGTACTCACCTGCAG.1,0
247,CCGTACTTCGCACAGC.1,0
248,CCGTGGACACGGAATG.1,1
249,CCGTGGACAGAGATCG.1,0
250,CCGTTCACAACCTGGC.1,0
251,CCGTTCAGTTGTTCAG.1,1
252,CCTAAAGCAAGACGAC.1,0
253,CCTACACAGCCATGCC.1,0
254,CCTACACCAACCTGCG.1,0
255,CCTACCACACTCTGGG.1,1
256,CCTAGCTAGCCAACAG.1,1
257,CCTAGCTGTCAAAGCG.1,1
258,CCTAGCTTCGGAGAAC.1,0
259,CCTATTACAGAACCAG.1,1
260,CCTATTAGTTCAGGTT.1,0
261,CCTCAGTAGACCTAGG.1,1
262,CCTCAGTAGAGCTTCT.1,0
263,CCTCAGTGTCAACCTA.1,0
264,CCTCTGACACAAGCGA.1,1
265,CCTTCCCCACCGAACC.1,1
266,CCTTCCCTCGAGAATA.1,1
267,CCTTCGACATCTCAAG.1,0
268,CCTTTCTAGCGCCTCA.1,1
269,CCTTTCTCAACACGTT.1,0
270,CCTTTCTCAGATGAAT.1,0
271,CCTTTCTTCACTCATT.1,0
272,CGAACATCAACCTGCG.1,0
273,CGAATGTGTACTGCTA.1,1
274,CGACCTTAGCAACGGT.1,0
275,CGACTTCAGGACAGCT.1,1
276,CGACTTCGTGAGCGAT.1,1
277,CGAGAAGGTGAGCGAT.1,0
278,CGAGCACGTTTGGCGC.1,1
279,CGAGCCACATCCTGGG.1,1
280,CGATGGCAGTACGTAA.1,1
281,CGATGGCGTACAATAG.1,1
282,CGATGGCGTCTTGCGG.1,1
283,CGATTGAAGAGCCCAA.1,0
284,CGCCAAGGTCAAAGCG.1,0
285,CGCCAAGGTCAGAAGC.1,1
286,CGCGGTATCCGCACGA.1,1
287,CGCGGTATCGATAAGA.1,1
288,CGCGTTTTCCTTGAAG.1,0
289,CGCGTTTTCTTGGCCT.1,1
290,CGCTGGAAGGGTCGAT.1,1
291,CGCTGGAAGTAAGTAC.1,1
292,CGCTGGAAGTATGACA.1,1
293,CGCTGGATCAGTAAAG.1,1
294,CGCTGGATCTCATCCG.1,0
295,CGCTTCAGTCGATACT.1,0
296,CGGACACTCGACAATC.1,1
297,CGGACGTGTATGTAGA.1,0
298,CGGACTGGTAATATGG.1,0
299,CGGACTGGTTTGGGCC.1,0
300,CGGAGCTAGTATGACA.1,0
301,CGGAGCTCACAAGCTT.1,1
302,CGGAGTCAGTCCCGAC.1,1
303,CGGAGTCCACACGTGC.1,1
304,CGGAGTCCACGAGCTC.1,1
305,CGGTTAACACCTGGCA.1,1
306,CGTAGGCAGAGCTGGT.1,0
307,CGTCACTAGGTAACGC.1,0
308,CGTCACTTCCAAAGAA.1,0
309,CGTCAGGCAGACGAGT.1,0
310,CGTCAGGCAGAGGTCA.1,0
311,CGTCAGGTCATCAGGT.1,1
312,CGTCTACAGCCTATGT.1,1
313,CGTCTACAGTTTGCGT.1,0
314,CGTCTACGTGATTACC.1,0
315,CGTGTAACAACATGGG.1,1
316,CGTTAGACATCGTCAA.1,1
317,CGTTCTGAGGGATACC.1,0
318,CGTTCTGCACAGTGTT.1,0
319,CGTTGGGAGCAGCCTC.1,0
320,CGTTGGGGTTATCCGA.1,1
321,CGTTGGGTCATTGCTT.1,0
322,CTAACTTAGTGTGATA.1,1
323,CTAACTTCAGTACCTA.1,1
324,CTAAGACAGACAGGCT.1,1
325,CTAAGACCACATCTAG.1,1
326,CTAAGACGTTGCTGAT.1,0
327,CTAAGACTCTCCTGGT.1,1
328,CTAATGGAGGACCAGT.1,0
329,CTAATGGCAAATCAGA.1,1
330,CTAATGGTCCAGGCGT.1,0
331,CTACACCAGTGGCACA.1,1
332,CTACATTGTAATATGG.1,0
333,CTACATTGTGTGATCT.1,1
334,CTACGTCGTCCGGTGT.1,0
335,CTACGTCTCGTATTGG.1,0
336,CTAGAGTCAATAGGAT.1,1
337,CTAGAGTTCCTTGCAC.1,1
338,CTAGCCTCAACTAGTC.1,1
339,CTCACACCATGCCGCA.1,1
340,CTCACACGTCCTACCT.1,1
341,CTCATTACAGGGACTA.1,0
342,CTCCTAGCATCTCGAA.1,1
343,CTCCTAGTCATCTTTG.1,0
344,CTCCTAGTCATTTCGT.1,1
345,CTCGAAACAAGCTACT.1,0
346,CTCGAGGGTGTTCCGG.1,1
347,CTCTAATAGATAGTCA.1,1
348,CTCTAATAGGCCATAG.1,0
349,CTCTAATTCAGGTGAG.1,0
350,CTCTACGAGGGTGTGT.1,1
351,CTCTACGCATGACCGC.1,0
352,CTCTGGTAGATTACCC.1,0
353,CTCTGGTTCTGTCGAA.1,1
354,CTGATAGTCAGCGGCT.1,0
355,CTGATCCAGATACACA.1,0
356,CTGATCCGTAGTCAAA.1,1
357,CTGCCTAAGTAGCGGT.1,1
358,CTGCCTACAGACTTGT.1,1
359,CTGCCTATCTAGCTAG.1,0
360,CTGCGGAGTGCAGGTA.1,1
361,CTGCGGATCCAAAGAA.1,1
362,CTGCTGTAGGCTCATT.1,1
363,CTGGTCTAGCGGCTTC.1,0
364,CTGGTCTTCCCACAAA.1,0
365,CTGTGCTGTCAAGCAG.1,0
366,CTGTTTAAGTTTCTGG.1,1
367,CTTAACTTCGAGTATC.1,1
368,CTTACCGTCAGTACCA.1,1
369,CTTAGGACACCTGGCA.1,1
370,CTTCTCTCAACGTTTG.1,1
371,CTTCTCTTCAGAGTAA.1,0
372,CTTGGCTTCGCCCAGA.1,1
373,CTTTGCGGTTTACTTC.1,0
374,GAAACTCTCCGAGTCG.1,0
375,GAAATGACAACATAGA.1,1
376,GAACATCAGCGATCCC.1,0
377,GAACATCAGTGATCGG.1,0
378,GAACCTACAGCGCTTG.1,1
379,GAACGGAAGGGCCATA.1,1
380,GAACGGATCCCAAGCG.1,1
381,GAATAAGAGTGGGTAC.1,0
382,GAATGAAAGCGTCAAG.1,1
383,GACACGCAGCGAGAAA.1,1
384,GACACGCGTCCGATGC.1,1
385,GACACGCTCCGTAATG.1,0
386,GACACGCTCTGTATTC.1,0
387,GACAGAGTCAGCAGCC.1,1
388,GACCAATGTACTCCGG.1,1
389,GACCAATGTCGCCAAC.1,1
390,GACCAATTCCAGTCTC.1,0
391,GACCTGGAGGCGCTCT.1,1
392,GACCTGGAGTGTTGAA.1,1
393,GACCTGGGTAACGAGC.1,0
394,GACCTGGGTCGTAATC.1,1
395,GACGCGTTCACCACGG.1,0
396,GACGGCTAGGTAAACT.1,1
397,GACGGCTTCTGCTGAA.1,1
398,GACGTGCCAAATCGCT.1,1
399,GACGTGCGTTCGCGTG.1,1
400,GACTAACCATCGTCAA.1,1
401,GACTACACAAGTGAGC.1,1
402,GACTACACATCCGTTC.1,1
403,GACTGCGGTCATACCA.1,0
404,GAGCAGATCAGGACAG.1,0
405,GAGGTGACAAAGGGTC.1,1
406,GAGGTGAGTGCTTCGG.1,0
407,GAGGTGAGTGGGAAGG.1,0
408,GAGTCCGAGATTACCC.1,1
409,GATCGATCATGAGGCA.1,1
410,GATCGATGTAATCAGA.1,0
411,GATCGATGTATGAAAC.1,0
412,GATCGATGTTATCGGT.1,1
413,GATCGCGAGAGACTAT.1,1
414,GATCGCGCAGAGCTCC.1,1
415,GATCGTAGTTTGGGCC.1,0
416,GATCTAGCAGAATTCC.1,1
417,GATCTAGGTTGGTATC.1,0
418,GATGAAAAGACAGACC.1,1
419,GATGAAACATAGGTCT.1,0
420,GATGAAATCAGTGAAA.1,1
421,GATGAGGAGGAGTAGA.1,0
422,GATGAGGAGTGTGATA.1,0
423,GATGAGGCATGGGCCT.1,1
424,GATGAGGTCCACAGAT.1,1
425,GATGCTACAAAGTGGC.1,0
426,GATGCTACAAGAGAGA.1,1
427,GATTCAGAGGCATATA.1,1
428,GATTCAGAGTTAGCGG.1,0
429,GATTCAGTCCGACGTG.1,1
430,GCAAACTAGCGTGTGA.1,1
431,GCAAACTGTATACACC.1,1
432,GCAATCACAGAACCAG.1,1
433,GCAATCATCTGGGACC.1,0
434,GCACATAAGATTCACC.1,1
435,GCACATAAGCAGTAGC.1,1
436,GCACATATCCAAGGGA.1,0
437,GCACTCTAGTCGTCCG.1,0
438,GCACTCTGTAATCAGA.1,1
439,GCAGCCAAGGTATCGG.1,1
440,GCAGTTACAGTACCTA.1,0
441,GCATACAAGTGAAGTT.1,1
442,GCATGATTCCTACCTG.1,1
443,GCATGCGAGCTGTTCA.1,1
444,GCATGCGTCGATAAGA.1,1
445,GCATGTACAGAACCAG.1,0
446,GCATGTAGTGTCTAAC.1,0
447,GCCAAATAGGAAACTT.1,1
448,GCCAAATGTTACTGAC.1,1
449,GCCTCTATCCAAGGGA.1,0
450,GCGAGAAAGAGCGAAA.1,1
451,GCGAGAACACATCTAG.1,0
452,GCGAGAAGTATGTACC.1,0
453,GCGAGAAGTCCTTGGG.1,0
454,GCGAGAATCTAGACAC.1,0
455,GCGCAACCATTTAGGC.1,0
456,GCGCAACCATTTCCAT.1,0
457,GCGCCAAAGTAGTATG.1,1
458,GCGCCAAGTACCAAGG.1,0
459,GCGCCAATCATCAGGT.1,1
460,GCGCGATGTAGAACAT.1,1
461,GCGCGATTCCACCGGA.1,0
462,GCGGGTTAGGTGCTTT.1,1
463,GCTCTGTCATCTGTAG.1,1
464,GCTGCAGAGCACCGCT.1,1
465,GCTGCGAGTAAGTGTA.1,1
466,GCTGCGAGTCAAGCCC.1,1
467,GCTGCTTAGGACTGGT.1,0
468,GCTGCTTAGGTATCGG.1,0
469,GCTGCTTTCCCACAAA.1,0
470,GCTGGGTAGTGGCACA.1,1
471,GCTGGGTTCGACGAAG.1,1
472,GCTTCCAAGCAAAGTT.1,1
473,GCTTGAATCCACTCGT.1,0
474,GGAAAGCCAGCTCATA.1,0
475,GGAACTTAGAGCAATT.1,0
476,GGAACTTAGGTAGCCA.1,0
477,GGAATAATCTGGCCTT.1,1
478,GGACAAGAGTAGATGT.1,1
479,GGACAAGCAACGGGAT.1,0
480,GGACAAGCACGCCTGA.1,1
481,GGACAAGGTCCGAATT.1,1
482,GGACAAGTCGTTATCT.1,1
483,GGACAGAAGATCCTGT.1,0
484,GGACAGACACATCGAT.1,1
485,GGACAGACAGCGATGA.1,0
486,GGACATTCATAGACAA.1,1
487,GGACGTCTCTCGAACA.1,0
488,GGAGCAATCTGCTACC.1,1
489,GGATGTTGTATACACC.1,1
490,GGATGTTGTGACTGAG.1,1
491,GGATGTTTCGACCCTT.1,1
492,GGATTACAGCTGAAAT.1,1
493,GGATTACCAGTTCCGG.1,1
494,GGCAATTTCGGAAGAC.1,1
495,GGCAATTTCGGGTCCA.1,0
496,GGCCGATGTCATCTAG.1,0
497,GGCTCGATCGTGAGGA.1,0
498,GGCTGGTTCCGCTGGA.1,1
499,GGCTGGTTCTAGAGCT.1,0
500,GGGACCTCACAGAAAT.1,0
501,GGGACCTCACGATGGA.1,1
502,GGGAGATAGGGCCATA.1,1
503,GGGAGATGTCGCTTCT.1,1
504,GGGAGATGTGTTACGT.1,1
505,GGGAGATTCAGAGTAA.1,0
506,GGGAGATTCATTGCTT.1,0
507,GGGATGAAGAATTGTG.1,0
508,GGGATGAGTGCATGAG.1,0
509,GGGATGAGTGGTAACG.1,1
510,GGGATGATCTACAGCA.1,1
511,GGGCACTGTGCCTGGT.1,1
512,GGGCATCAGAATGGGA.1,1
513,GGGCATCAGGGTTCCC.1,0
514,GGGCATCCAGTAGGGT.1,1
515,GGGTCTGAGATGTCTC.1,1
516,GGGTCTGCACCGGCAT.1,1
517,GGGTTGCGTGCGAAAC.1,0
518,GGTATTGAGTGGGTAC.1,1
519,GGTATTGGTTTACTTC.1,1
520,GGTGAAGTCAACAGCT.1,1
521,GGTGTTATCTAGCTAG.1,1
522,GTAACGTAGGACGAAA.1,1
523,GTACGTAGTCAACTGT.1,1
524,GTACTCCAGTGGTAGC.1,1
525,GTACTCCCATACCAGT.1,0
526,GTACTCCGTGCAGGTA.1,0
527,GTACTTTAGTGGGTAC.1,0
528,GTACTTTGTGCTATTG.1,1
529,GTACTTTGTGCTCTGG.1,1
530,GTAGGCCCACCACACG.1,1
531,GTATCTTAGGCTACGA.1,0
532,GTATCTTGTAACTTCG.1,1
533,GTATCTTTCATGTGAC.1,1
534,GTCAAGTTCTTTCGCG.1,1
535,GTCACAATCAATCTTC.1,1
536,GTCACGGAGCGGATCA.1,1
537,GTCACGGAGCTAGTTC.1,0
538,GTCATTTCAACAACTC.1,0
539,GTCATTTCAAGGCGTA.1,0
540,GTCATTTTCTGATGGT.1,1
541,GTCCTCAGTACAGGAC.1,0
542,GTCGGGTCATGGCACC.1,0
543,GTCGTAATCACCGGTG.1,1
544,GTCTCGTAGAGCAATT.1,1
545,GTCTTCGAGTAATCCC.1,1
546,GTGAAGGGTCTTACCC.1,0
547,GTGCAGCAGAGTAATC.1,1
548,GTGCAGCGTCCATTGA.1,0
549,GTGCAGCTCGATACAC.1,1
550,GTGCGGTCAGGTGCAA.1,0
551,GTGCGGTTCTCTCTAA.1,1
552,GTGCTTCCAAGGGTGT.1,0
553,GTGCTTCGTAAGCGCA.1,0
554,GTGGGTCCATATCGTG.1,1
555,GTGGGTCTCTGTGGCG.1,0
556,GTGTTAGAGGAGTACC.1,0
557,GTGTTAGAGGCTCTTA.1,1
558,GTGTTAGGTCCGAATT.1,1
559,GTTAAGCGTAACGCGA.1,1
560,GTTACAGAGGAATGGA.1,1
561,GTTACAGGTTTACTTC.1,0
562,GTTCATTGTTTAGCAC.1,1
563,GTTCGGGCAATCCATG.1,0
564,GTTCGGGCAATCGTCA.1,1
565,GTTCTCGAGGCCGAAT.1,1
566,TAAACCGAGGTGACCA.1,0
567,TAAACCGGTTCCCACT.1,0
568,TAAGAGAAGAATGTGT.1,1
569,TAAGAGACACAAGCTT.1,0
570,TAAGAGACAGTCCCTT.1,1
571,TAAGAGATCCACTCGT.1,1
572,TAAGCGTAGCGAACTG.1,1
573,TAAGTGCCATGAGGGT.1,0
574,TAAGTGCTCAGCAGCC.1,1
575,TAAGTGCTCGTCTAAG.1,0
576,TAAGTGCTCTGAAGTC.1,1
577,TACAGTGCACATTGGT.1,1
578,TACCTATAGGCCCGTT.1,1
579,TACCTATTCGCAACGC.1,1
580,TACCTTAAGCTGCGAA.1,1
581,TACCTTACAGTAGGGT.1,1
582,TACCTTACATGCAGTT.1,0
583,TACCTTAGTTCGGTGC.1,1
584,TACGGGCCACGCTGAC.1,0
585,TACTCATAGACAGACC.1,0
586,TACTCATGTGCGTCAC.1,1
587,TACTCATTCCTCCTGA.1,1
588,TACTCGCCAATCGTCA.1,1
589,TACTCGCGTCAGCCGT.1,0
590,TACTTACTCAAGTTGC.1,0
591,TACTTGTCATAGGGCA.1,0
592,TAGACCAAGAGGGCTT.1,0
593,TAGCCGGTCATGGGCC.1,1
594,TAGGCATAGGGTAACC.1,1
595,TAGGCATTCCGCGGAT.1,1
596,TAGTGGTAGAATCGTA.1,0
597,TAGTGGTTCCCTGAGG.1,1
598,TAGTTGGGTCAACTCA.1,1
599,TAGTTGGGTTGCACTA.1,1
600,TATCAGGCAGTCCGCA.1,0
601,TATCAGGTCTCCCTAG.1,1
602,TATCAGGTCTGGTAGT.1,1
603,TATCTCAGTCAACTCA.1,1
604,TATGCCCTCACACTAG.1,1
605,TATTACCCAGTTGCCG.1,1
606,TCACAAGAGGATGTCG.1,1
607,TCAGATGTCCAACGAT.1,0
608,TCAGCAAGTCAGAAGC.1,1
609,TCAGGATCAGTGTAGG.1,1
610,TCAGGTAGTACTTGCA.1,0
611,TCAGGTAGTGCAGGTA.1,1
612,TCAGGTATCGTTCGAA.1,0
613,TCATTACAGTAACCCT.1,1
614,TCATTACCACGTACAT.1,1
615,TCATTACGTGGGCCTT.1,1
616,TCATTTGCATAGAGGC.1,1
617,TCCACACCATACAGAA.1,1
618,TCCACACTCAGAAACA.1,1
619,TCGAGGCGTAAGAGAG.1,1
620,TCGAGGCGTACGTTCA.1,1
621,TCGCGAGTCGTAAGGG.1,1
622,TCGGGACTCATATCTC.1,1
623,TCGGTAAGTTTGCCTC.1,1
624,TCGGTAATCAAGTGCT.1,1
625,TCGTACCAGCCACCTG.1,1
626,TCGTACCAGGTGCTAG.1,1
627,TCGTACCCAACCCAAT.1,0
628,TCGTAGAAGGTGTGCA.1,1
629,TCGTAGAGTAAGCGCA.1,1
630,TCGTAGAGTGCGTCAC.1,0
631,TCTCTAACACTACGTA.1,1
632,TCTCTAAGTAATGACA.1,1
633,TCTCTAATCAGTGCCG.1,0
634,TCTCTAATCGTAGCGC.1,0
635,TCTCTAATCGTGTCAA.1,1
636,TCTGAGACAGCGTCAC.1,1
637,TCTGAGACATTTGTGG.1,1
638,TCTGAGATCGACAACT.1,1
639,TCTTCGGGTACCGCTG.1,0
640,TGACGGCGTAAGCGCA.1,1
641,TGACGGCTCATTTGCT.1,1
642,TGACTAGAGAGTAAGG.1,1
643,TGACTAGCAACGCTTA.1,1
644,TGACTTTAGAATGTTG.1,1
645,TGACTTTTCGCCCAGA.1,1
646,TGAGAGGCACTTTCCG.1,1
647,TGAGAGGGTAGGGTGT.1,1
648,TGAGAGGTCATCACTT.1,1
649,TGAGCATTCGCCTGGA.1,1
650,TGAGCCGCAATTAAGG.1,1
651,TGAGGGATCAACGATC.1,1
652,TGATTTCGTAGTGGCA.1,0
653,TGATTTCGTTCTGTCC.1,1
654,TGCCAAAGTCACGCAC.1,1
655,TGCCAAATCGTTCGGG.1,1
656,TGCCCATAGTTCGATC.1,1
657,TGCCCTAAGACAGGCT.1,1
658,TGCCCTAAGCGAACTG.1,0
659,TGCCCTAGTTTGGCGC.1,1
660,TGCCCTATCGTATTGG.1,1
661,TGCGCAGCATGGAGAC.1,1
662,TGCGTGGTCCCAAGCG.1,1
663,TGCTACCAGCTCCTTC.1,0
664,TGCTACCGTCCGATGC.1,0
665,TGGACGCAGGGAGTAA.1,1
666,TGGACGCTCTATGCAG.1,0
667,TGGACGCTCTGGTGAT.1,0
668,TGGCCAGAGGGATTCG.1,1
669,TGGCCAGGTTAAGATG.1,1
670,TGGCCAGGTTATCCGA.1,1
671,TGGCCAGTCACACGTA.1,1
672,TGGCGCAGTACGTGCC.1,0
673,TGGTTAGCAACAACTC.1,0
674,TGGTTAGGTTATGCGT.1,0
675,TGGTTCCAGAGAGCTC.1,0
676,TGTCCCAGTATAAGTG.1,1
677,TGTGGTACACGTATGT.1,1
678,TGTGTTTCACTAAGGG.1,0
679,TTAACTCAGTCGTACT.1,0
680,TTAACTCCAGACTTGT.1,1
681,TTAACTCGTCAGTGGA.1,1
682,TTAACTCTCATCAGGT.1,0
683,TTAGGACGTACAAGGC.1,0
684,TTAGGACTCCACCTTG.1,0
685,TTAGGACTCTACAGTG.1,1
686,TTAGGACTCTTGCTTA.1,1
687,TTAGTTCTCCACCGGA.1,0
688,TTATGCTAGTGGGTAC.1,0
689,TTCCCAGCACGTAGGA.1,1
690,TTCCCAGGTCATCCAA.1,0
691,TTCGAAGAGAAAGCTT.1,0
692,TTCGAAGAGAAGGACA.1,1
693,TTCGAAGCATTATCCT.1,1
694,TTCGAAGTCACCAGCG.1,1
695,TTCGAAGTCATGGTGT.1,0
696,TTCGGTCGTAACGACG.1,0
697,TTCGGTCGTCCGATGC.1,0
698,TTCTACAGTTCTTCGC.1,1
699,TTCTACATCGCGGACT.1,1
700,TTCTCCTAGTACGTTC.1,1
701,TTCTCCTGTCACCAGC.1,1
702,TTCTCCTGTGGATAGC.1,1
703,TTCTCCTTCTAGACAC.1,1
704,TTGAACGAGCAAATCA.1,0
705,TTGAACGGTTCTTCGC.1,0
706,TTGACTTCACCAATGT.1,1
707,TTGACTTGTCCGAATT.1,1
708,TTGCCGTCAGACACGA.1,1
709,TTGCCGTTCCCGAATA.1,1
710,TTGCGTCTCCGCGACA.1,0
711,TTGCGTCTCTGGATCA.1,1
712,TTGGAACTCTTGTCCG.1,1
713,TTGGCAATCGTATTGG.1,1
714,TTGTAGGTCGCTAGTA.1,1
715,TTTACTGAGGTAAACT.1,1
716,TTTATGCAGTCTAGCT.1,0
717,TTTATGCGTTTGCCTC.1,0
718,TTTCCTCTCATCAGCA.1,1
719,TTTGGTTGTACCGTGC.1,1
720,TTTGGTTTCAGGACAG.1,0
721,TTTGGTTTCGTTCAAG.1,1
722,TTTGTCACACAATCAC.1,1
723,TTTGTCATCGAAGCGA.1,1
