cell,predict_cell
PAT20(CARD)_AH002,PAT6(LGD)_H_149
PAT20(CARD)_AH006,PAT19(LGD)_B_42
PAT20(CARD)_AH007,PAT6(HGD)_I_89
PAT20(CARD)_AH010,PAT20(ESO)_E_6
PAT20(CARD)_AH014,PAT19(LGD)_B_76
PAT20(CARD)_AH015,PAT19(LGD)_B_213
PAT20(CARD)_AH017,PAT19(LGD)_B_323
PAT20(CARD)_AH018,PAT20(CARD)_F_81
PAT20(CARD)_AH020,PAT6(LGD)_H_91
PAT20(CARD)_AH021,PAT20(ESO)_E_27
PAT20(CARD)_AH024,PAT20(ESO)_E_209
PAT20(CARD)_AH026,PAT20(ESO)_E_80
PAT20(CARD)_AH027,PAT9(NDBE)_J_263
PAT20(CARD)_AH029,PAT19(LGD)_B_132
PAT20(CARD)_AH031,PAT14(HGD)_C_241
PAT20(CARD)_AH032,PAT6(LGD)_H_133
PAT20(CARD)_AH034,PAT16(EAC)_A_125
PAT20(CARD)_AH035,PAT20(CARD)_F_141
PAT20(CARD)_AH037,PAT16(EAC)_A_296
PAT20(CARD)_AH038,PAT14(NDBE)_D_266
PAT20(CARD)_AH039,PAT20(ESO)_E_101
PAT20(CARD)_AH040,PAT20(HGD1)_D_162
PAT20(CARD)_AH043,PAT16(NDBE)_B_117
PAT20(CARD)_AH044,PAT19(LGD)_B_217
PAT20(CARD)_AH046,PAT14(NDBE)_D_174
PAT20(CARD)_AH047,PAT9(NDBE)_J_325
PAT20(CARD)_AH049,PAT16(NDBE)_B_58
PAT20(CARD)_AH052,PAT20(ESO)_E_90
PAT20(CARD)_AH053,PAT16(NDBE)_B_116
PAT20(CARD)_AH054,PAT19(LGD)_B_339
PAT20(CARD)_AH055,PAT9(NDBE)_J_351
PAT20(CARD)_AH056,PAT9(NDBE)_J_44
PAT20(CARD)_AH057,PAT16(NDBE)_B_112
PAT20(CARD)_AH058,PAT14(NDBE)_D_276
PAT20(CARD)_AH059,PAT19(LGD)_B_168
PAT20(CARD)_AH061,PAT20(CARD)_F_219
PAT20(CARD)_AH063,PAT20(CARD)_F_350
PAT20(CARD)_AH064,PAT20(HGD1)_D_346
PAT20(CARD)_AH065,PAT19(LGD)_B_106
PAT20(CARD)_AH066,PAT20(CARD)_F_98
PAT20(CARD)_AH067,PAT14(NDBE)_D_277
PAT20(CARD)_AH068,PAT20(ESO)_E_64
PAT20(CARD)_AH069,PAT9(NDBE)_J_97
PAT20(CARD)_AH071,PAT20(ESO)_E_147
PAT20(CARD)_AH073,PAT14(HGD)_C_364
PAT20(CARD)_AH074,PAT19(LGD)_B_33
PAT20(CARD)_AH075,PAT6(LGD)_H_355
PAT20(CARD)_AH078,PAT16(EAC)_A_235
PAT20(CARD)_AH082,PAT9(NDBE)_J_208
PAT20(CARD)_AH083,PAT19(LGD)_B_74
PAT20(CARD)_AH084,PAT20(CARD)_F_230
PAT20(CARD)_AH085,PAT9(NDBE)_J_139
PAT20(CARD)_AH086,PAT20(CARD)_F_338
PAT20(CARD)_AH087,PAT20(CARD)_F_220
PAT20(CARD)_AH088,PAT9(NDBE)_J_321
PAT20(CARD)_AH089,PAT19(LGD)_B_73
PAT20(CARD)_AH090,PAT20(ESO)_E_290
PAT20(CARD)_AH091,PAT6(HGD)_I_225
PAT20(CARD)_AH093,PAT19(LGD)_B_255
PAT20(CARD)_AH094,PAT9(NDBE)_J_106
PAT20(CARD)_AH096,PAT9(NDBE)_J_273
PAT20(CARD)_AH097,PAT20(CARD)_F_69
PAT20(CARD)_AH098,PAT14(NDBE)_D_63
PAT20(CARD)_AH099,PAT20(CARD)_F_335
PAT20(CARD)_AH100,PAT20(ESO)_E_244
PAT20(CARD)_AH101,PAT19(LGD)_B_194
PAT20(CARD)_AH102,PAT20(ESO)_E_194
PAT20(CARD)_AH103,PAT16(NDBE)_B_340
PAT20(CARD)_AH104,PAT9(NDBE)_J_50
PAT20(CARD)_AH107,PAT9(NDBE)_J_42
PAT20(CARD)_AH109,PAT14(HGD)_C_71
PAT20(CARD)_AH110,PAT9(NDBE)_J_85
PAT20(CARD)_AH111,PAT20(HGD1)_D_78
PAT20(CARD)_AH112,PAT9(NDBE)_J_101
PAT20(CARD)_AH113,PAT16(NDBE)_B_33
PAT20(CARD)_AH114,PAT19(LGD)_B_8
PAT20(CARD)_AH117,PAT9(NDBE)_J_137
PAT20(CARD)_AH119,PAT6(HGD)_I_119
PAT20(CARD)_AH120,PAT20(ESO)_E_54
PAT20(CARD)_AH121,PAT9(NDBE)_J_81
PAT20(CARD)_AH122,PAT6(HGD)_I_3
PAT20(CARD)_AH123,PAT20(CARD)_F_147
PAT20(CARD)_AH126,PAT20(ESO)_E_228
PAT20(CARD)_AH127,PAT20(ESO)_E_46
PAT20(CARD)_AH128,PAT14(HGD)_C_343
PAT20(CARD)_AH130,PAT16(NDBE)_B_367
PAT20(CARD)_AH131,PAT16(NDBE)_B_291
PAT20(CARD)_AH133,PAT9(NDBE)_J_223
PAT20(CARD)_AH134,PAT19(LGD)_B_240
PAT20(CARD)_AH136,PAT20(ESO)_E_300
PAT20(CARD)_AH140,PAT20(HGD1)_D_311
PAT20(CARD)_AH141,PAT6(HGD)_I_81
PAT20(CARD)_AH145,PAT20(HGD1)_D_47
PAT20(CARD)_AH146,PAT9(NDBE)_J_342
PAT20(CARD)_AH148,PAT20(CARD)_F_68
PAT20(CARD)_AH150,PAT6(HGD)_I_253
PAT20(CARD)_AH152,PAT9(NDBE)_J_252
PAT20(CARD)_AH153,PAT20(ESO)_E_338
PAT20(CARD)_AH156,PAT20(CARD)_F_3
PAT20(CARD)_AH157,PAT16(NDBE)_B_305
PAT20(CARD)_AH158,PAT20(ESO)_E_37
PAT20(CARD)_AH159,PAT20(HGD1)_D_295
PAT20(CARD)_AH160,PAT6(HGD)_I_321
PAT20(CARD)_AH161,PAT14(NDBE)_D_309
PAT20(CARD)_AH162,PAT20(HGD1)_D_96
PAT20(CARD)_AH163,PAT6(HGD)_I_59
PAT20(CARD)_AH164,PAT9(NDBE)_J_212
PAT20(CARD)_AH166,PAT6(LGD)_H_340
PAT20(CARD)_AH167,PAT9(NDBE)_J_84
PAT20(CARD)_AH168,PAT6(HGD)_I_306
PAT20(CARD)_AH169,PAT16(NDBE)_B_221
PAT20(CARD)_AH171,PAT9(NDBE)_J_317
PAT20(CARD)_AH172,PAT19(LGD)_B_25
PAT20(CARD)_AH174,PAT19(LGD)_B_162
PAT20(CARD)_AH175,PAT20(CARD)_F_92
PAT20(CARD)_AH176,PAT9(NDBE)_J_332
PAT20(CARD)_AH177,PAT9(NDBE)_J_294
PAT20(CARD)_AH178,PAT20(HGD1)_D_376
PAT20(CARD)_AH182,PAT20(ESO)_E_112
PAT20(CARD)_AH183,PAT20(CARD)_F_143
PAT20(CARD)_AH184,PAT20(CARD)_F_357
PAT20(CARD)_AH186,PAT14(NDBE)_D_356
PAT20(CARD)_AH190,PAT20(ESO)_E_232
PAT20(CARD)_AH191,PAT9(NDBE)_J_303
PAT20(CARD)_AH192,PAT19(LGD)_B_252
PAT20(CARD)_AH193,PAT14(HGD)_C_248
PAT20(CARD)_AH194,PAT14(NDBE)_D_149
PAT20(CARD)_AH197,PAT20(CARD)_F_56
PAT20(CARD)_AH199,PAT14(HGD)_C_261
PAT20(CARD)_AH200,PAT19(LGD)_B_129
PAT20(CARD)_AH201,PAT19(LGD)_B_16
PAT20(CARD)_AH202,PAT20(ESO)_E_344
PAT20(CARD)_AH208,PAT19(LGD)_B_61
PAT20(CARD)_AH209,PAT16(NDBE)_B_73
PAT20(CARD)_AH210,PAT20(ESO)_E_178
PAT20(CARD)_AH211,PAT9(NDBE)_J_24
PAT20(CARD)_AH213,PAT20(ESO)_E_263
PAT20(CARD)_AH217,PAT19(LGD)_B_237
PAT20(CARD)_AH218,PAT9(NDBE)_J_21
PAT20(CARD)_AH219,PAT20(ESO)_E_35
PAT20(CARD)_AH221,PAT9(NDBE)_J_25
PAT20(CARD)_AH222,PAT19(LGD)_B_379
PAT20(CARD)_AH224,PAT6(LGD)_H_159
PAT20(CARD)_AH225,PAT6(HGD)_I_107
PAT20(CARD)_AH226,PAT9(NDBE)_J_378
PAT20(CARD)_AH227,PAT19(LGD)_B_334
PAT20(CARD)_AH230,PAT20(ESO)_E_151
PAT20(CARD)_AH233,PAT16(NDBE)_B_268
PAT20(CARD)_AH234,PAT19(LGD)_B_26
PAT20(CARD)_AH235,PAT16(NDBE)_B_159
PAT20(CARD)_AH237,PAT6(HGD)_I_74
PAT20(CARD)_AH239,PAT20(ESO)_E_44
PAT20(CARD)_AH240,PAT19(LGD)_B_83
PAT20(CARD)_AH241,PAT9(NDBE)_J_7
PAT20(CARD)_AH242,PAT20(CARD)_F_117
PAT20(CARD)_AH244,PAT20(ESO)_E_79
PAT20(CARD)_AH245,PAT19(LGD)_B_190
PAT20(CARD)_AH247,PAT19(LGD)_B_96
PAT20(CARD)_AH248,PAT6(HGD)_I_171
PAT20(CARD)_AH249,PAT9(NDBE)_J_170
PAT20(CARD)_AH250,PAT9(NDBE)_J_264
PAT20(CARD)_AH251,PAT9(NDBE)_J_149
PAT20(CARD)_AH253,PAT20(ESO)_E_229
PAT20(CARD)_AH255,PAT20(CARD)_F_240
PAT20(CARD)_AH256,PAT19(LGD)_B_84
PAT20(CARD)_AH259,PAT20(CARD)_F_41
PAT20(CARD)_AH261,PAT20(CARD)_F_185
PAT20(CARD)_AH262,PAT16(EAC)_A_122
PAT20(CARD)_AH263,PAT20(ESO)_E_239
PAT20(CARD)_AH264,PAT19(LGD)_B_161
PAT20(CARD)_AH265,PAT6(HGD)_I_69
PAT20(CARD)_AH266,PAT9(NDBE)_J_311
PAT20(CARD)_AH267,PAT20(ESO)_E_201
PAT20(CARD)_AH268,PAT19(LGD)_B_77
PAT20(CARD)_AH270,PAT9(NDBE)_J_256
PAT20(CARD)_AH271,PAT20(CARD)_F_151
PAT20(CARD)_AH272,PAT19(LGD)_B_123
PAT20(CARD)_AH273,PAT20(HGD1)_D_361
PAT20(CARD)_AH275,PAT20(ESO)_E_197
PAT20(CARD)_AH276,PAT6(LGD)_H_349
PAT20(CARD)_AH277,PAT20(ESO)_E_294
PAT20(CARD)_AH278,PAT20(CARD)_F_237
PAT20(CARD)_AH280,PAT20(ESO)_E_375
PAT20(CARD)_AH282,PAT6(LGD)_H_167
PAT20(CARD)_AH283,PAT19(LGD)_B_374
PAT20(CARD)_AH284,PAT19(LGD)_B_51
PAT20(CARD)_AH285,PAT16(EAC)_A_65
PAT20(CARD)_AH287,PAT16(NDBE)_B_317
PAT20(CARD)_AH289,PAT9(NDBE)_J_357
PAT20(CARD)_AH291,PAT20(ESO)_E_277
PAT20(CARD)_AH293,PAT16(EAC)_A_40
PAT20(CARD)_AH294,PAT20(CARD)_F_107
PAT20(CARD)_AH297,PAT9(NDBE)_J_131
PAT20(CARD)_AH298,PAT19(LGD)_B_203
PAT20(CARD)_AH300,PAT19(LGD)_B_308
PAT20(CARD)_AH301,PAT20(ESO)_E_262
PAT20(CARD)_AH304,PAT6(LGD)_H_282
PAT20(CARD)_AH305,PAT20(CARD)_F_353
PAT20(CARD)_AH306,PAT20(ESO)_E_275
PAT20(CARD)_AH307,PAT20(ESO)_E_74
PAT20(CARD)_AH309,PAT20(CARD)_F_183
PAT20(CARD)_AH311,PAT19(LGD)_B_114
PAT20(CARD)_AH313,PAT14(NDBE)_D_72
PAT20(CARD)_AH314,PAT9(NDBE)_J_203
PAT20(CARD)_AH315,PAT20(HGD1)_D_359
PAT20(CARD)_AH316,PAT20(CARD)_F_14
PAT20(CARD)_AH317,PAT6(LGD)_H_310
PAT20(CARD)_AH318,PAT20(ESO)_E_334
PAT20(CARD)_AH319,PAT16(NDBE)_B_178
PAT20(CARD)_AH320,PAT9(NDBE)_J_220
PAT20(CARD)_AH322,PAT6(HGD)_I_173
PAT20(CARD)_AH324,PAT9(NDBE)_J_255
PAT20(CARD)_AH325,PAT20(ESO)_E_134
PAT20(CARD)_AH327,PAT9(NDBE)_J_301
PAT20(CARD)_AH329,PAT20(CARD)_F_235
PAT20(CARD)_AH332,PAT14(NDBE)_D_212
PAT20(CARD)_AH336,PAT9(NDBE)_J_16
PAT20(CARD)_AH339,PAT6(HGD)_I_208
PAT20(CARD)_AH341,PAT16(NDBE)_B_354
PAT20(CARD)_AH342,PAT20(CARD)_F_362
PAT20(CARD)_AH343,PAT6(HGD)_I_281
PAT20(CARD)_AH344,PAT19(LGD)_B_24
PAT20(CARD)_AH346,PAT19(LGD)_B_40
PAT20(CARD)_AH347,PAT20(ESO)_E_98
PAT20(CARD)_AH349,PAT9(NDBE)_J_15
PAT20(CARD)_AH350,PAT9(NDBE)_J_31
PAT20(CARD)_AH352,PAT16(NDBE)_B_230
PAT20(CARD)_AH353,PAT9(NDBE)_J_102
PAT20(CARD)_AH354,PAT16(EAC)_A_95
PAT20(CARD)_AH355,PAT20(ESO)_E_141
PAT20(CARD)_AH356,PAT14(NDBE)_D_64
PAT20(CARD)_AH357,PAT9(NDBE)_J_326
PAT20(CARD)_AH358,PAT20(CARD)_F_134
PAT20(CARD)_AH359,PAT16(NDBE)_B_134
PAT20(CARD)_AH360,PAT19(LGD)_B_269
PAT20(CARD)_AH361,PAT6(HGD)_I_92
PAT20(CARD)_AH364,PAT20(CARD)_F_330
PAT20(CARD)_AH365,PAT16(EAC)_A_258
PAT20(CARD)_AH367,PAT20(ESO)_E_88
PAT20(CARD)_AH368,PAT6(HGD)_I_285
PAT20(CARD)_AH369,PAT19(LGD)_B_85
PAT20(CARD)_AH370,PAT6(HGD)_I_339
PAT20(CARD)_AH371,PAT6(HGD)_I_163
PAT20(CARD)_AH372,PAT20(CARD)_F_196
PAT20(CARD)_AH373,PAT9(NDBE)_J_313
PAT20(CARD)_AH374,PAT6(LGD)_H_236
PAT20(CARD)_AH375,PAT19(LGD)_B_146
PAT20(CARD)_AH376,PAT19(LGD)_B_165
PAT20(CARD)_AH383,PAT20(ESO)_E_354
PAT20(ESO)_AD001,PAT9(NDBE)_J_213
PAT20(ESO)_AD003,PAT9(NDBE)_J_368
PAT20(ESO)_AD006,PAT9(NDBE)_J_93
PAT20(ESO)_AD007,PAT20(ESO)_E_17
PAT20(ESO)_AD008,PAT9(NDBE)_J_308
PAT20(ESO)_AD010,PAT16(NDBE)_B_227
PAT20(ESO)_AD011,PAT9(NDBE)_J_328
PAT20(ESO)_AD012,PAT20(ESO)_E_268
PAT20(ESO)_AD014,PAT14(NDBE)_D_323
PAT20(ESO)_AD015,PAT20(ESO)_E_276
PAT20(ESO)_AD017,PAT20(CARD)_F_130
PAT20(ESO)_AD019,PAT20(ESO)_E_148
PAT20(ESO)_AD020,PAT9(NDBE)_J_76
PAT20(ESO)_AD021,PAT6(LGD)_H_89
PAT20(ESO)_AD023,PAT19(LGD)_B_207
PAT20(ESO)_AD025,PAT20(ESO)_E_313
PAT20(ESO)_AD026,PAT9(NDBE)_J_89
PAT20(ESO)_AD027,PAT9(NDBE)_J_296
PAT20(ESO)_AD028,PAT20(ESO)_E_373
PAT20(ESO)_AD031,PAT20(CARD)_F_126
PAT20(ESO)_AD032,PAT9(NDBE)_J_374
PAT20(ESO)_AD035,PAT20(CARD)_F_13
PAT20(ESO)_AD039,PAT20(CARD)_F_158
PAT20(ESO)_AD041,PAT20(ESO)_E_170
PAT20(ESO)_AD042,PAT9(NDBE)_J_3
PAT20(ESO)_AD043,PAT20(ESO)_E_156
PAT20(ESO)_AD044,PAT19(LGD)_B_270
PAT20(ESO)_AD048,PAT14(HGD)_C_173
PAT20(ESO)_AD050,PAT20(ESO)_E_58
PAT20(ESO)_AD053,PAT20(CARD)_F_348
PAT20(ESO)_AD059,PAT20(ESO)_E_160
PAT20(ESO)_AD065,PAT20(ESO)_E_318
PAT20(ESO)_AD071,PAT9(NDBE)_J_361
PAT20(ESO)_AD072,PAT16(EAC)_A_285
PAT20(ESO)_AD073,PAT9(NDBE)_J_235
PAT20(ESO)_AD074,PAT20(ESO)_E_287
PAT20(ESO)_AD078,PAT14(NDBE)_D_160
PAT20(ESO)_AD081,PAT20(ESO)_E_130
PAT20(ESO)_AD082,PAT20(CARD)_F_135
PAT20(ESO)_AD091,PAT20(ESO)_E_325
PAT20(ESO)_AD092,PAT9(NDBE)_J_128
PAT20(ESO)_AD094,PAT20(CARD)_F_35
PAT20(ESO)_AD096,PAT9(NDBE)_J_222
PAT20(ESO)_AD102,PAT20(CARD)_F_358
PAT20(ESO)_AD106,PAT20(CARD)_F_345
PAT20(ESO)_AD112,PAT9(NDBE)_J_69
PAT20(ESO)_AD115,PAT20(ESO)_E_107
PAT20(ESO)_AD117,PAT19(LGD)_B_328
PAT20(ESO)_AD120,PAT16(EAC)_A_208
PAT20(ESO)_AD121,PAT6(HGD)_I_118
PAT20(ESO)_AD122,PAT14(NDBE)_D_340
PAT20(ESO)_AD123,PAT19(LGD)_B_54
PAT20(ESO)_AD133,PAT19(LGD)_B_46
PAT20(ESO)_AD134,PAT6(HGD)_I_330
PAT20(ESO)_AD135,PAT14(NDBE)_D_104
PAT20(ESO)_AD136,PAT6(HGD)_I_131
PAT20(ESO)_AD137,PAT19(LGD)_B_330
PAT20(ESO)_AD141,PAT14(HGD)_C_340
PAT20(ESO)_AD151,PAT19(LGD)_B_0
PAT20(ESO)_AD154,PAT20(CARD)_F_179
PAT20(ESO)_AD156,PAT14(NDBE)_D_221
PAT20(ESO)_AD159,PAT20(ESO)_E_339
PAT20(ESO)_AD161,PAT9(NDBE)_J_158
PAT20(ESO)_AD162,PAT20(CARD)_F_82
PAT20(ESO)_AD163,PAT19(LGD)_B_294
PAT20(ESO)_AD165,PAT9(NDBE)_J_177
PAT20(ESO)_AD166,PAT20(CARD)_F_249
PAT20(ESO)_AD168,PAT20(ESO)_E_208
PAT20(ESO)_AD169,PAT9(NDBE)_J_32
PAT20(ESO)_AD175,PAT6(HGD)_I_70
PAT20(ESO)_AD176,PAT16(NDBE)_B_196
PAT20(ESO)_AD177,PAT20(ESO)_E_231
PAT20(ESO)_AD178,PAT20(ESO)_E_319
PAT20(ESO)_AD184,PAT20(CARD)_F_10
PAT20(ESO)_AD189,PAT20(CARD)_F_268
PAT20(ESO)_AD190,PAT20(ESO)_E_97
PAT20(ESO)_AD191,PAT19(LGD)_B_137
PAT20(ESO)_AD193,PAT20(ESO)_E_84
PAT20(ESO)_AD195,PAT20(ESO)_E_285
PAT20(ESO)_AD197,PAT20(ESO)_E_136
PAT20(ESO)_AD201,PAT20(HGD1)_D_336
PAT20(ESO)_AD204,PAT19(LGD)_B_345
PAT20(ESO)_AD206,PAT19(LGD)_B_152
PAT20(ESO)_AD210,PAT20(CARD)_F_347
PAT20(ESO)_AD216,PAT20(CARD)_F_245
PAT20(ESO)_AD217,PAT20(CARD)_F_106
PAT20(ESO)_AD219,PAT9(NDBE)_J_74
PAT20(ESO)_AD220,PAT20(CARD)_F_201
PAT20(ESO)_AD222,PAT16(NDBE)_B_119
PAT20(ESO)_AD223,PAT20(CARD)_F_186
PAT20(ESO)_AD224,PAT19(LGD)_B_156
PAT20(ESO)_AD225,PAT20(CARD)_F_278
PAT20(ESO)_AD226,PAT6(HGD)_I_80
PAT20(ESO)_AD227,PAT19(LGD)_B_225
PAT20(ESO)_AD232,PAT6(LGD)_H_29
PAT20(ESO)_AD233,PAT20(ESO)_E_137
PAT20(ESO)_AD236,PAT20(ESO)_E_161
PAT20(ESO)_AD237,PAT9(NDBE)_J_358
PAT20(ESO)_AD238,PAT20(ESO)_E_216
PAT20(ESO)_AD242,PAT9(NDBE)_J_198
PAT20(ESO)_AD243,PAT6(LGD)_H_294
PAT20(ESO)_AD244,PAT6(LGD)_H_218
PAT20(ESO)_AD245,PAT20(HGD1)_D_91
PAT20(ESO)_AD249,PAT6(LGD)_H_316
PAT20(ESO)_AD254,PAT20(CARD)_F_177
PAT20(ESO)_AD255,PAT19(LGD)_B_50
PAT20(ESO)_AD256,PAT6(HGD)_I_204
PAT20(ESO)_AD257,PAT19(LGD)_B_11
PAT20(ESO)_AD258,PAT19(LGD)_B_320
PAT20(ESO)_AD262,PAT20(ESO)_E_298
PAT20(ESO)_AD263,PAT19(LGD)_B_32
PAT20(ESO)_AD265,PAT20(CARD)_F_111
PAT20(ESO)_AD266,PAT9(NDBE)_J_360
PAT20(ESO)_AD267,PAT20(ESO)_E_222
PAT20(ESO)_AD268,PAT20(ESO)_E_193
PAT20(ESO)_AD272,PAT19(LGD)_B_244
PAT20(ESO)_AD273,PAT9(NDBE)_J_64
PAT20(ESO)_AD274,PAT20(ESO)_E_62
PAT20(ESO)_AD275,PAT9(NDBE)_J_331
PAT20(ESO)_AD276,PAT20(ESO)_E_41
PAT20(ESO)_AD279,PAT20(CARD)_F_293
PAT20(ESO)_AD281,PAT9(NDBE)_J_66
PAT20(ESO)_AD282,PAT14(NDBE)_D_134
PAT20(ESO)_AD283,PAT20(ESO)_E_126
PAT20(ESO)_AD287,PAT19(LGD)_B_326
PAT20(ESO)_AD288,PAT19(LGD)_B_305
PAT20(ESO)_AD289,PAT6(HGD)_I_11
PAT20(ESO)_AD293,PAT9(NDBE)_J_210
PAT20(ESO)_AD294,PAT19(LGD)_B_226
PAT20(ESO)_AD295,PAT20(CARD)_F_182
PAT20(ESO)_AD296,PAT20(CARD)_F_309
PAT20(ESO)_AD297,PAT9(NDBE)_J_192
PAT20(ESO)_AD298,PAT20(ESO)_E_182
PAT20(ESO)_AD300,PAT14(HGD)_C_119
PAT20(ESO)_AD302,PAT6(HGD)_I_289
PAT20(ESO)_AD304,PAT20(ESO)_E_369
PAT20(ESO)_AD306,PAT19(LGD)_B_233
PAT20(ESO)_AD309,PAT20(ESO)_E_153
PAT20(ESO)_AD315,PAT20(ESO)_E_189
PAT20(ESO)_AD316,PAT19(LGD)_B_6
PAT20(ESO)_AD318,PAT20(CARD)_F_65
PAT20(ESO)_AD319,PAT20(HGD1)_D_71
PAT20(ESO)_AD323,PAT20(ESO)_E_234
PAT20(ESO)_AD325,PAT14(NDBE)_D_148
PAT20(ESO)_AD326,PAT19(LGD)_B_169
PAT20(ESO)_AD327,PAT19(LGD)_B_316
PAT20(ESO)_AD328,PAT20(CARD)_F_352
PAT20(ESO)_AD329,PAT20(ESO)_E_255
PAT20(ESO)_AD330,PAT14(HGD)_C_332
PAT20(ESO)_AD331,PAT16(NDBE)_B_322
PAT20(ESO)_AD332,PAT20(HGD1)_D_291
PAT20(ESO)_AD335,PAT9(NDBE)_J_83
PAT20(ESO)_AD337,PAT14(NDBE)_D_190
PAT20(ESO)_AD338,PAT6(HGD)_I_259
PAT20(ESO)_AD339,PAT6(HGD)_I_162
PAT20(ESO)_AD340,PAT19(LGD)_B_358
PAT20(ESO)_AD341,PAT20(ESO)_E_321
PAT20(ESO)_AD343,PAT20(CARD)_F_376
PAT20(ESO)_AD345,PAT20(CARD)_F_168
PAT20(ESO)_AD350,PAT6(LGD)_H_321
PAT20(ESO)_AD351,PAT20(ESO)_E_167
PAT20(ESO)_AD352,PAT19(LGD)_B_201
PAT20(ESO)_AD353,PAT20(ESO)_E_351
PAT20(ESO)_AD354,PAT20(CARD)_F_102
PAT20(ESO)_AD355,PAT14(NDBE)_D_268
PAT20(ESO)_AD357,PAT20(ESO)_E_297
PAT20(ESO)_AD358,PAT9(NDBE)_J_282
PAT20(ESO)_AD359,PAT19(LGD)_B_173
PAT20(ESO)_AD360,PAT20(CARD)_F_246
PAT20(ESO)_AD362,PAT14(NDBE)_D_330
PAT20(ESO)_AD364,PAT19(LGD)_B_299
PAT20(ESO)_AD366,PAT6(HGD)_I_216
PAT20(ESO)_AD371,PAT16(NDBE)_B_113
PAT20(ESO)_AD372,PAT9(NDBE)_J_310
PAT20(ESO)_AD376,PAT20(ESO)_E_133
PAT20(ESO)_AD377,PAT20(ESO)_E_374
PAT20(ESO)_AD378,PAT20(ESO)_E_183
PAT20(ESO)_AD379,PAT20(ESO)_E_100
PAT20(ESO)_AD381,PAT9(NDBE)_J_169
PAT20(ESO)_AD382,PAT20(ESO)_E_174
PAT20(ESO)_AD383,PAT20(ESO)_E_357
PAT9(NDBE)_BL003,PAT6(HGD)_I_194
PAT9(NDBE)_BL008,PAT14(NDBE)_D_108
PAT9(NDBE)_BL009,PAT19(LGD)_B_311
PAT9(NDBE)_BL010,PAT16(NDBE)_B_98
PAT9(NDBE)_BL015,PAT19(LGD)_B_236
PAT9(NDBE)_BL017,PAT19(LGD)_B_67
PAT9(NDBE)_BL018,PAT9(NDBE)_J_305
PAT9(NDBE)_BL020,PAT16(NDBE)_B_128
PAT9(NDBE)_BL023,PAT19(LGD)_B_356
PAT9(NDBE)_BL028,PAT20(CARD)_F_323
PAT9(NDBE)_BL030,PAT20(HGD1)_D_129
PAT9(NDBE)_BL033,PAT20(ESO)_E_172
PAT9(NDBE)_BL034,PAT20(CARD)_F_340
PAT9(NDBE)_BL035,PAT6(LGD)_H_377
PAT9(NDBE)_BL042,PAT16(NDBE)_B_222
PAT9(NDBE)_BL043,PAT16(NDBE)_B_189
PAT9(NDBE)_BL051,PAT14(NDBE)_D_379
PAT9(NDBE)_BL052,PAT9(NDBE)_J_227
PAT9(NDBE)_BL054,PAT20(CARD)_F_89
PAT9(NDBE)_BL057,PAT9(NDBE)_J_375
PAT9(NDBE)_BL058,PAT20(ESO)_E_219
PAT9(NDBE)_BL061,PAT20(HGD1)_D_329
PAT9(NDBE)_BL063,PAT9(NDBE)_J_289
PAT9(NDBE)_BL065,PAT20(CARD)_F_149
PAT9(NDBE)_BL066,PAT20(CARD)_F_222
PAT9(NDBE)_BL068,PAT16(EAC)_A_25
PAT9(NDBE)_BL070,PAT16(EAC)_A_283
PAT9(NDBE)_BL071,PAT14(NDBE)_D_194
PAT9(NDBE)_BL072,PAT20(HGD1)_D_337
PAT9(NDBE)_BL077,PAT14(HGD)_C_322
PAT9(NDBE)_BL078,PAT14(HGD)_C_125
PAT9(NDBE)_BL081,PAT20(CARD)_F_227
PAT9(NDBE)_BL083,PAT6(LGD)_H_102
PAT9(NDBE)_BL085,PAT20(HGD1)_D_294
PAT9(NDBE)_BL087,PAT19(LGD)_B_62
PAT9(NDBE)_BL088,PAT20(CARD)_F_331
PAT9(NDBE)_BL090,PAT16(NDBE)_B_63
PAT9(NDBE)_BL099,PAT20(ESO)_E_306
PAT9(NDBE)_BL101,PAT16(EAC)_A_233
PAT9(NDBE)_BL103,PAT14(NDBE)_D_225
PAT9(NDBE)_BL107,PAT6(HGD)_I_164
PAT9(NDBE)_BL108,PAT20(CARD)_F_369
PAT9(NDBE)_BL114,PAT16(EAC)_A_286
PAT9(NDBE)_BL117,PAT19(LGD)_B_200
PAT9(NDBE)_BL118,PAT14(NDBE)_D_189
PAT9(NDBE)_BL119,PAT9(NDBE)_J_191
PAT9(NDBE)_BL122,PAT16(EAC)_A_343
PAT9(NDBE)_BL124,PAT16(NDBE)_B_316
PAT9(NDBE)_BL127,PAT16(EAC)_A_75
PAT9(NDBE)_BL132,PAT16(EAC)_A_234
PAT9(NDBE)_BL133,PAT9(NDBE)_J_188
PAT9(NDBE)_BL134,PAT16(EAC)_A_150
PAT9(NDBE)_BL138,PAT20(ESO)_E_94
PAT9(NDBE)_BL139,PAT6(LGD)_H_60
PAT9(NDBE)_BL140,PAT9(NDBE)_J_300
PAT9(NDBE)_BL141,PAT16(EAC)_A_161
PAT9(NDBE)_BL142,PAT6(LGD)_H_346
PAT9(NDBE)_BL143,PAT20(CARD)_F_8
PAT9(NDBE)_BL145,PAT20(ESO)_E_2
PAT9(NDBE)_BL146,PAT20(CARD)_F_370
PAT9(NDBE)_BL147,PAT16(NDBE)_B_277
PAT9(NDBE)_BL149,PAT6(LGD)_H_138
PAT9(NDBE)_BL150,PAT20(ESO)_E_4
PAT9(NDBE)_BL156,PAT9(NDBE)_J_345
PAT9(NDBE)_BL157,PAT20(CARD)_F_328
PAT9(NDBE)_BL158,PAT16(NDBE)_B_83
PAT9(NDBE)_BL159,PAT19(LGD)_B_256
PAT9(NDBE)_BL160,PAT19(LGD)_B_376
PAT9(NDBE)_BL163,PAT9(NDBE)_J_9
PAT9(NDBE)_BL164,PAT20(ESO)_E_376
PAT9(NDBE)_BL168,PAT6(LGD)_H_253
PAT9(NDBE)_BL169,PAT9(NDBE)_J_160
PAT9(NDBE)_BL170,PAT20(CARD)_F_118
PAT9(NDBE)_BL171,PAT6(LGD)_H_115
PAT9(NDBE)_BL172,PAT20(CARD)_F_192
PAT9(NDBE)_BL173,PAT6(LGD)_H_197
PAT9(NDBE)_BL174,PAT9(NDBE)_J_174
PAT9(NDBE)_BL178,PAT16(EAC)_A_370
PAT9(NDBE)_BL179,PAT20(CARD)_F_37
PAT9(NDBE)_BL181,PAT14(NDBE)_D_97
PAT9(NDBE)_BL183,PAT16(NDBE)_B_307
PAT9(NDBE)_BL185,PAT14(NDBE)_D_346
PAT9(NDBE)_BL187,PAT20(CARD)_F_272
PAT9(NDBE)_BL189,PAT20(ESO)_E_356
PAT9(NDBE)_BL191,PAT16(NDBE)_B_313
PAT9(NDBE)_BL192,PAT9(NDBE)_J_181
PAT9(NDBE)_BL194,PAT9(NDBE)_J_314
PAT9(NDBE)_BL195,PAT14(NDBE)_D_357
PAT9(NDBE)_BL197,PAT14(NDBE)_D_283
PAT9(NDBE)_BL198,PAT20(ESO)_E_61
PAT9(NDBE)_BL201,PAT6(HGD)_I_56
PAT9(NDBE)_BL202,PAT9(NDBE)_J_200
PAT9(NDBE)_BL205,PAT14(NDBE)_D_219
PAT9(NDBE)_BL206,PAT16(EAC)_A_82
PAT9(NDBE)_BL207,PAT19(LGD)_B_205
PAT9(NDBE)_BL208,PAT9(NDBE)_J_1
PAT9(NDBE)_BL209,PAT20(HGD1)_D_203
PAT9(NDBE)_BL210,PAT20(CARD)_F_77
PAT9(NDBE)_BL211,PAT20(ESO)_E_326
PAT9(NDBE)_BL212,PAT20(ESO)_E_218
PAT9(NDBE)_BL214,PAT6(HGD)_I_341
PAT9(NDBE)_BL217,PAT9(NDBE)_J_376
PAT9(NDBE)_BL220,PAT14(NDBE)_D_314
PAT9(NDBE)_BL221,PAT20(ESO)_E_157
PAT9(NDBE)_BL223,PAT20(ESO)_E_273
PAT9(NDBE)_BL226,PAT9(NDBE)_J_278
PAT9(NDBE)_BL228,PAT9(NDBE)_J_336
PAT9(NDBE)_BL229,PAT19(LGD)_B_247
PAT9(NDBE)_BL230,PAT16(NDBE)_B_176
PAT9(NDBE)_BL232,PAT16(NDBE)_B_111
PAT9(NDBE)_BL235,PAT14(NDBE)_D_182
PAT9(NDBE)_BL238,PAT14(NDBE)_D_91
PAT9(NDBE)_BL242,PAT16(NDBE)_B_208
PAT9(NDBE)_BL245,PAT20(CARD)_F_153
PAT9(NDBE)_BL248,PAT14(NDBE)_D_236
PAT9(NDBE)_BL251,PAT20(HGD1)_D_219
PAT9(NDBE)_BL252,PAT20(CARD)_F_359
PAT9(NDBE)_BL254,PAT19(LGD)_B_126
PAT9(NDBE)_BL255,PAT20(CARD)_F_120
PAT9(NDBE)_BL260,PAT19(LGD)_B_370
PAT9(NDBE)_BL261,PAT14(NDBE)_D_222
PAT9(NDBE)_BL264,PAT20(ESO)_E_135
PAT9(NDBE)_BL266,PAT6(HGD)_I_275
PAT9(NDBE)_BL267,PAT14(NDBE)_D_320
PAT9(NDBE)_BL268,PAT20(ESO)_E_124
PAT9(NDBE)_BL271,PAT14(NDBE)_D_362
PAT9(NDBE)_BL276,PAT19(LGD)_B_58
PAT9(NDBE)_BL278,PAT14(NDBE)_D_84
PAT9(NDBE)_BL279,PAT20(HGD1)_D_45
PAT9(NDBE)_BL280,PAT20(ESO)_E_166
PAT9(NDBE)_BL284,PAT20(ESO)_E_3
PAT9(NDBE)_BL285,PAT19(LGD)_B_178
PAT9(NDBE)_BL287,PAT6(LGD)_H_93
PAT9(NDBE)_BL288,PAT20(ESO)_E_59
PAT9(NDBE)_BL296,PAT20(CARD)_F_260
PAT9(NDBE)_BL300,PAT20(CARD)_F_236
PAT9(NDBE)_BL302,PAT20(CARD)_F_159
PAT9(NDBE)_BL303,PAT14(HGD)_C_126
PAT9(NDBE)_BL304,PAT6(LGD)_H_358
PAT9(NDBE)_BL305,PAT19(LGD)_B_2
PAT9(NDBE)_BL307,PAT6(HGD)_I_215
PAT9(NDBE)_BL308,PAT14(NDBE)_D_265
PAT9(NDBE)_BL314,PAT20(CARD)_F_213
PAT9(NDBE)_BL315,PAT19(LGD)_B_193
PAT9(NDBE)_BL316,PAT19(LGD)_B_1
PAT9(NDBE)_BL317,PAT14(NDBE)_D_380
PAT9(NDBE)_BL322,PAT20(HGD1)_D_373
PAT9(NDBE)_BL330,PAT14(NDBE)_D_315
PAT9(NDBE)_BL336,PAT6(LGD)_H_312
PAT9(NDBE)_BL337,PAT9(NDBE)_J_371
PAT9(NDBE)_BL339,PAT9(NDBE)_J_280
PAT9(NDBE)_BL341,PAT14(NDBE)_D_345
PAT9(NDBE)_BL348,PAT14(NDBE)_D_198
PAT9(NDBE)_BL357,PAT14(NDBE)_D_269
PAT9(NDBE)_BL361,PAT19(LGD)_B_279
PAT9(NDBE)_BL364,PAT16(EAC)_A_361
PAT9(NDBE)_BL365,PAT19(LGD)_B_264
PAT9(NDBE)_BL372,PAT20(ESO)_E_362
PAT9(NDBE)_BL374,PAT16(NDBE)_B_35
PAT9(NDBE)_BL378,PAT9(NDBE)_J_65
PAT14(NDBE)_AV003,PAT20(CARD)_F_273
PAT14(NDBE)_AV008,PAT20(ESO)_E_154
PAT14(NDBE)_AV009,PAT19(LGD)_B_220
PAT14(NDBE)_AV010,PAT20(ESO)_E_171
PAT14(NDBE)_AV012,PAT9(NDBE)_J_343
PAT14(NDBE)_AV014,PAT20(CARD)_F_372
PAT14(NDBE)_AV015,PAT6(HGD)_I_270
PAT14(NDBE)_AV017,PAT20(ESO)_E_81
PAT14(NDBE)_AV018,PAT6(HGD)_I_324
PAT14(NDBE)_AV020,PAT19(LGD)_B_166
PAT14(NDBE)_AV023,PAT6(HGD)_I_149
PAT14(NDBE)_AV028,PAT6(LGD)_H_26
PAT14(NDBE)_AV030,PAT20(ESO)_E_363
PAT14(NDBE)_AV032,PAT20(ESO)_E_103
PAT14(NDBE)_AV033,PAT6(LGD)_H_370
PAT14(NDBE)_AV034,PAT9(NDBE)_J_6
PAT14(NDBE)_AV035,PAT6(LGD)_H_382
PAT14(NDBE)_AV036,PAT20(ESO)_E_173
PAT14(NDBE)_AV040,PAT16(NDBE)_B_369
PAT14(NDBE)_AV041,PAT6(LGD)_H_4
PAT14(NDBE)_AV042,PAT14(NDBE)_D_81
PAT14(NDBE)_AV043,PAT14(NDBE)_D_375
PAT14(NDBE)_AV045,PAT6(HGD)_I_269
PAT14(NDBE)_AV047,PAT6(LGD)_H_32
PAT14(NDBE)_AV051,PAT9(NDBE)_J_225
PAT14(NDBE)_AV052,PAT16(NDBE)_B_44
PAT14(NDBE)_AV054,PAT9(NDBE)_J_219
PAT14(NDBE)_AV055,PAT20(CARD)_F_57
PAT14(NDBE)_AV056,PAT19(LGD)_B_182
PAT14(NDBE)_AV057,PAT6(LGD)_H_68
PAT14(NDBE)_AV058,PAT14(HGD)_C_276
PAT14(NDBE)_AV059,PAT9(NDBE)_J_54
PAT14(NDBE)_AV060,PAT20(CARD)_F_325
PAT14(NDBE)_AV061,PAT20(ESO)_E_224
PAT14(NDBE)_AV062,PAT14(NDBE)_D_122
PAT14(NDBE)_AV063,PAT20(CARD)_F_84
PAT14(NDBE)_AV065,PAT20(CARD)_F_361
PAT14(NDBE)_AV066,PAT9(NDBE)_J_243
PAT14(NDBE)_AV067,PAT14(NDBE)_D_359
PAT14(NDBE)_AV068,PAT20(HGD1)_D_298
PAT14(NDBE)_AV069,PAT19(LGD)_B_267
PAT14(NDBE)_AV070,PAT14(NDBE)_D_232
PAT14(NDBE)_AV071,PAT16(EAC)_A_126
PAT14(NDBE)_AV072,PAT14(NDBE)_D_105
PAT14(NDBE)_AV076,PAT20(HGD1)_D_267
PAT14(NDBE)_AV077,PAT16(EAC)_A_348
PAT14(NDBE)_AV078,PAT14(NDBE)_D_324
PAT14(NDBE)_AV079,PAT19(LGD)_B_275
PAT14(NDBE)_AV080,PAT20(ESO)_E_360
PAT14(NDBE)_AV081,PAT14(HGD)_C_214
PAT14(NDBE)_AV082,PAT14(NDBE)_D_307
PAT14(NDBE)_AV083,PAT16(EAC)_A_8
PAT14(NDBE)_AV085,PAT9(NDBE)_J_372
PAT14(NDBE)_AV086,PAT20(ESO)_E_316
PAT14(NDBE)_AV087,PAT20(ESO)_E_380
PAT14(NDBE)_AV088,PAT20(CARD)_F_270
PAT14(NDBE)_AV089,PAT9(NDBE)_J_356
PAT14(NDBE)_AV090,PAT20(CARD)_F_112
PAT14(NDBE)_AV091,PAT20(CARD)_F_32
PAT14(NDBE)_AV092,PAT20(CARD)_F_31
PAT14(NDBE)_AV093,PAT16(NDBE)_B_312
PAT14(NDBE)_AV094,PAT19(LGD)_B_186
PAT14(NDBE)_AV099,PAT19(LGD)_B_337
PAT14(NDBE)_AV101,PAT20(CARD)_F_354
PAT14(NDBE)_AV102,PAT20(ESO)_E_29
PAT14(NDBE)_AV103,PAT19(LGD)_B_171
PAT14(NDBE)_AV106,PAT20(ESO)_E_280
PAT14(NDBE)_AV107,PAT14(NDBE)_D_252
PAT14(NDBE)_AV108,PAT19(LGD)_B_342
PAT14(NDBE)_AV113,PAT9(NDBE)_J_4
PAT14(NDBE)_AV114,PAT19(LGD)_B_352
PAT14(NDBE)_AV116,PAT14(NDBE)_D_341
PAT14(NDBE)_AV117,PAT20(ESO)_E_242
PAT14(NDBE)_AV118,PAT20(ESO)_E_111
PAT14(NDBE)_AV119,PAT14(NDBE)_D_254
PAT14(NDBE)_AV122,PAT16(NDBE)_B_192
PAT14(NDBE)_AV123,PAT20(HGD1)_D_192
PAT14(NDBE)_AV124,PAT6(LGD)_H_366
PAT14(NDBE)_AV125,PAT20(CARD)_F_36
PAT14(NDBE)_AV127,PAT20(ESO)_E_291
PAT14(NDBE)_AV128,PAT20(HGD1)_D_102
PAT14(NDBE)_AV130,PAT20(CARD)_F_85
PAT14(NDBE)_AV132,PAT14(HGD)_C_44
PAT14(NDBE)_AV133,PAT20(HGD1)_D_272
PAT14(NDBE)_AV134,PAT6(LGD)_H_368
PAT14(NDBE)_AV138,PAT20(ESO)_E_265
PAT14(NDBE)_AV139,PAT16(EAC)_A_194
PAT14(NDBE)_AV140,PAT20(CARD)_F_139
PAT14(NDBE)_AV141,PAT14(NDBE)_D_302
PAT14(NDBE)_AV142,PAT16(NDBE)_B_205
PAT14(NDBE)_AV143,PAT6(LGD)_H_363
PAT14(NDBE)_AV145,PAT16(EAC)_A_179
PAT14(NDBE)_AV146,PAT14(NDBE)_D_382
PAT14(NDBE)_AV147,PAT20(ESO)_E_50
PAT14(NDBE)_AV148,PAT9(NDBE)_J_258
PAT14(NDBE)_AV149,PAT16(NDBE)_B_272
PAT14(NDBE)_AV150,PAT20(CARD)_F_123
PAT14(NDBE)_AV152,PAT16(EAC)_A_101
PAT14(NDBE)_AV153,PAT14(HGD)_C_217
PAT14(NDBE)_AV155,PAT6(HGD)_I_93
PAT14(NDBE)_AV156,PAT20(CARD)_F_170
PAT14(NDBE)_AV157,PAT20(CARD)_F_164
PAT14(NDBE)_AV158,PAT16(NDBE)_B_278
PAT14(NDBE)_AV159,PAT20(ESO)_E_9
PAT14(NDBE)_AV160,PAT14(NDBE)_D_334
PAT14(NDBE)_AV161,PAT9(NDBE)_J_265
PAT14(NDBE)_AV162,PAT20(ESO)_E_361
PAT14(NDBE)_AV163,PAT20(ESO)_E_312
PAT14(NDBE)_AV164,PAT16(NDBE)_B_101
PAT14(NDBE)_AV165,PAT20(ESO)_E_128
PAT14(NDBE)_AV167,PAT14(NDBE)_D_179
PAT14(NDBE)_AV168,PAT14(HGD)_C_353
PAT14(NDBE)_AV169,PAT19(LGD)_B_371
PAT14(NDBE)_AV170,PAT14(HGD)_C_304
PAT14(NDBE)_AV171,PAT6(LGD)_H_64
PAT14(NDBE)_AV172,PAT14(NDBE)_D_296
PAT14(NDBE)_AV173,PAT16(NDBE)_B_141
PAT14(NDBE)_AV174,PAT14(NDBE)_D_366
PAT14(NDBE)_AV176,PAT19(LGD)_B_346
PAT14(NDBE)_AV178,PAT16(NDBE)_B_261
PAT14(NDBE)_AV179,PAT20(HGD1)_D_183
PAT14(NDBE)_AV181,PAT20(ESO)_E_381
PAT14(NDBE)_AV182,PAT19(LGD)_B_301
PAT14(NDBE)_AV183,PAT14(HGD)_C_221
PAT14(NDBE)_AV185,PAT16(NDBE)_B_102
PAT14(NDBE)_AV186,PAT16(EAC)_A_226
PAT14(NDBE)_AV187,PAT6(LGD)_H_287
PAT14(NDBE)_AV189,PAT14(NDBE)_D_242
PAT14(NDBE)_AV191,PAT16(NDBE)_B_204
PAT14(NDBE)_AV192,PAT14(NDBE)_D_107
PAT14(NDBE)_AV193,PAT20(CARD)_F_195
PAT14(NDBE)_AV194,PAT6(HGD)_I_233
PAT14(NDBE)_AV195,PAT20(CARD)_F_108
PAT14(NDBE)_AV197,PAT16(NDBE)_B_211
PAT14(NDBE)_AV198,PAT20(ESO)_E_301
PAT14(NDBE)_AV199,PAT16(NDBE)_B_84
PAT14(NDBE)_AV201,PAT6(HGD)_I_64
PAT14(NDBE)_AV202,PAT20(CARD)_F_63
PAT14(NDBE)_AV204,PAT16(NDBE)_B_275
PAT14(NDBE)_AV205,PAT20(CARD)_F_310
PAT14(NDBE)_AV206,PAT16(EAC)_A_168
PAT14(NDBE)_AV207,PAT9(NDBE)_J_58
PAT14(NDBE)_AV208,PAT20(ESO)_E_149
PAT14(NDBE)_AV209,PAT19(LGD)_B_174
PAT14(NDBE)_AV210,PAT16(NDBE)_B_32
PAT14(NDBE)_AV211,PAT6(LGD)_H_148
PAT14(NDBE)_AV212,PAT14(NDBE)_D_184
PAT14(NDBE)_AV213,PAT14(HGD)_C_367
PAT14(NDBE)_AV214,PAT16(NDBE)_B_166
PAT14(NDBE)_AV215,PAT20(ESO)_E_304
PAT14(NDBE)_AV216,PAT14(HGD)_C_166
PAT14(NDBE)_AV217,PAT9(NDBE)_J_286
PAT14(NDBE)_AV219,PAT16(NDBE)_B_287
PAT14(NDBE)_AV220,PAT6(LGD)_H_48
PAT14(NDBE)_AV221,PAT16(NDBE)_B_74
PAT14(NDBE)_AV222,PAT20(ESO)_E_24
PAT14(NDBE)_AV223,PAT6(LGD)_H_284
PAT14(NDBE)_AV224,PAT9(NDBE)_J_118
PAT14(NDBE)_AV225,PAT16(EAC)_A_155
PAT14(NDBE)_AV226,PAT6(HGD)_I_112
PAT14(NDBE)_AV227,PAT6(HGD)_I_41
PAT14(NDBE)_AV228,PAT20(ESO)_E_7
PAT14(NDBE)_AV229,PAT6(LGD)_H_322
PAT14(NDBE)_AV230,PAT16(EAC)_A_156
PAT14(NDBE)_AV232,PAT6(LGD)_H_1
PAT14(NDBE)_AV233,PAT20(ESO)_E_73
PAT14(NDBE)_AV234,PAT9(NDBE)_J_122
PAT14(NDBE)_AV235,PAT19(LGD)_B_210
PAT14(NDBE)_AV236,PAT19(LGD)_B_72
PAT14(NDBE)_AV237,PAT6(LGD)_H_364
PAT14(NDBE)_AV238,PAT20(CARD)_F_316
PAT14(NDBE)_AV239,PAT20(ESO)_E_206
PAT14(NDBE)_AV240,PAT16(NDBE)_B_308
PAT14(NDBE)_AV241,PAT20(ESO)_E_188
PAT14(NDBE)_AV242,PAT9(NDBE)_J_350
PAT14(NDBE)_AV244,PAT19(LGD)_B_43
PAT14(NDBE)_AV245,PAT9(NDBE)_J_324
PAT14(NDBE)_AV246,PAT9(NDBE)_J_18
PAT14(NDBE)_AV247,PAT20(ESO)_E_307
PAT14(NDBE)_AV248,PAT9(NDBE)_J_297
PAT14(NDBE)_AV250,PAT20(CARD)_F_244
PAT14(NDBE)_AV251,PAT9(NDBE)_J_17
PAT14(NDBE)_AV252,PAT16(NDBE)_B_338
PAT14(NDBE)_AV253,PAT16(NDBE)_B_54
PAT14(NDBE)_AV254,PAT9(NDBE)_J_339
PAT14(NDBE)_AV255,PAT20(CARD)_F_122
PAT14(NDBE)_AV257,PAT20(ESO)_E_108
PAT14(NDBE)_AV259,PAT20(CARD)_F_193
PAT14(NDBE)_AV260,PAT16(EAC)_A_177
PAT14(NDBE)_AV261,PAT16(NDBE)_B_20
PAT14(NDBE)_AV262,PAT6(LGD)_H_263
PAT14(NDBE)_AV263,PAT9(NDBE)_J_352
PAT14(NDBE)_AV264,PAT16(EAC)_A_127
PAT14(NDBE)_AV266,PAT20(ESO)_E_106
PAT14(NDBE)_AV267,PAT16(NDBE)_B_93
PAT14(NDBE)_AV268,PAT9(NDBE)_J_107
PAT14(NDBE)_AV269,PAT6(HGD)_I_79
PAT14(NDBE)_AV271,PAT16(EAC)_A_193
PAT14(NDBE)_AV272,PAT14(HGD)_C_307
PAT14(NDBE)_AV274,PAT20(CARD)_F_289
PAT14(NDBE)_AV275,PAT14(NDBE)_D_262
PAT14(NDBE)_AV276,PAT6(LGD)_H_121
PAT14(NDBE)_AV277,PAT20(HGD1)_D_193
PAT14(NDBE)_AV278,PAT6(LGD)_H_71
PAT14(NDBE)_AV279,PAT20(ESO)_E_39
PAT14(NDBE)_AV280,PAT9(NDBE)_J_164
PAT14(NDBE)_AV281,PAT20(ESO)_E_286
PAT14(NDBE)_AV282,PAT19(LGD)_B_303
PAT14(NDBE)_AV283,PAT9(NDBE)_J_140
PAT14(NDBE)_AV284,PAT19(LGD)_B_55
PAT14(NDBE)_AV285,PAT20(CARD)_F_174
PAT14(NDBE)_AV286,PAT6(LGD)_H_306
PAT14(NDBE)_AV287,PAT19(LGD)_B_183
PAT14(NDBE)_AV288,PAT14(NDBE)_D_326
PAT14(NDBE)_AV291,PAT16(EAC)_A_247
PAT14(NDBE)_AV293,PAT20(CARD)_F_194
PAT14(NDBE)_AV294,PAT19(LGD)_B_185
PAT14(NDBE)_AV296,PAT19(LGD)_B_148
PAT14(NDBE)_AV299,PAT20(CARD)_F_208
PAT14(NDBE)_AV300,PAT9(NDBE)_J_47
PAT14(NDBE)_AV301,PAT16(NDBE)_B_186
PAT14(NDBE)_AV302,PAT6(LGD)_H_20
PAT14(NDBE)_AV303,PAT14(HGD)_C_325
PAT14(NDBE)_AV304,PAT16(EAC)_A_217
PAT14(NDBE)_AV305,PAT9(NDBE)_J_240
PAT14(NDBE)_AV306,PAT20(CARD)_F_287
PAT14(NDBE)_AV307,PAT16(EAC)_A_153
PAT14(NDBE)_AV308,PAT16(NDBE)_B_224
PAT14(NDBE)_AV310,PAT6(HGD)_I_291
PAT14(NDBE)_AV314,PAT16(NDBE)_B_181
PAT14(NDBE)_AV315,PAT20(ESO)_E_67
PAT14(NDBE)_AV316,PAT14(NDBE)_D_229
PAT14(NDBE)_AV317,PAT16(NDBE)_B_130
PAT14(NDBE)_AV318,PAT6(LGD)_H_173
PAT14(NDBE)_AV320,PAT6(HGD)_I_336
PAT14(NDBE)_AV322,PAT19(LGD)_B_63
PAT14(NDBE)_AV323,PAT19(LGD)_B_135
PAT14(NDBE)_AV325,PAT19(LGD)_B_239
PAT14(NDBE)_AV328,PAT20(CARD)_F_214
PAT14(NDBE)_AV330,PAT20(CARD)_F_96
PAT14(NDBE)_AV336,PAT16(NDBE)_B_124
PAT14(NDBE)_AV337,PAT20(CARD)_F_62
PAT14(NDBE)_AV339,PAT16(EAC)_A_340
PAT14(NDBE)_AV340,PAT20(ESO)_E_95
PAT14(NDBE)_AV341,PAT14(HGD)_C_67
PAT14(NDBE)_AV343,PAT16(EAC)_A_55
PAT14(NDBE)_AV344,PAT16(EAC)_A_372
PAT14(NDBE)_AV345,PAT16(NDBE)_B_180
PAT14(NDBE)_AV347,PAT14(NDBE)_D_172
PAT14(NDBE)_AV348,PAT14(HGD)_C_344
PAT14(NDBE)_AV354,PAT9(NDBE)_J_237
PAT14(NDBE)_AV357,PAT14(NDBE)_D_297
PAT14(NDBE)_AV361,PAT14(NDBE)_D_237
PAT14(NDBE)_AV364,PAT6(LGD)_H_244
PAT14(NDBE)_AV365,PAT6(LGD)_H_72
PAT14(NDBE)_AV372,PAT20(CARD)_F_88
PAT14(NDBE)_AV374,PAT14(NDBE)_D_318
PAT14(NDBE)_AV378,PAT16(NDBE)_B_341
PAT14(NDBE)_AV380,PAT20(ESO)_E_48
PAT16(NDBE)_AX004,PAT6(LGD)_H_212
PAT16(NDBE)_AX005,PAT16(EAC)_A_355
PAT16(NDBE)_AX006,PAT14(HGD)_C_331
PAT16(NDBE)_AX009,PAT16(NDBE)_B_200
PAT16(NDBE)_AX010,PAT20(CARD)_F_360
PAT16(NDBE)_AX011,PAT20(ESO)_E_288
PAT16(NDBE)_AX012,PAT20(CARD)_F_7
PAT16(NDBE)_AX013,PAT19(LGD)_B_340
PAT16(NDBE)_AX015,PAT19(LGD)_B_78
PAT16(NDBE)_AX017,PAT20(ESO)_E_143
PAT16(NDBE)_AX019,PAT16(NDBE)_B_152
PAT16(NDBE)_AX020,PAT9(NDBE)_J_8
PAT16(NDBE)_AX021,PAT16(NDBE)_B_251
PAT16(NDBE)_AX024,PAT14(NDBE)_D_185
PAT16(NDBE)_AX025,PAT20(ESO)_E_221
PAT16(NDBE)_AX026,PAT19(LGD)_B_97
PAT16(NDBE)_AX033,PAT14(NDBE)_D_78
PAT16(NDBE)_AX034,PAT14(NDBE)_D_234
PAT16(NDBE)_AX035,PAT14(NDBE)_D_144
PAT16(NDBE)_AX038,PAT16(NDBE)_B_129
PAT16(NDBE)_AX039,PAT14(NDBE)_D_282
PAT16(NDBE)_AX041,PAT14(NDBE)_D_301
PAT16(NDBE)_AX044,PAT14(HGD)_C_19
PAT16(NDBE)_AX048,PAT20(ESO)_E_246
PAT16(NDBE)_AX051,PAT20(CARD)_F_103
PAT16(NDBE)_AX054,PAT9(NDBE)_J_49
PAT16(NDBE)_AX055,PAT16(NDBE)_B_202
PAT16(NDBE)_AX057,PAT9(NDBE)_J_285
PAT16(NDBE)_AX058,PAT6(HGD)_I_328
PAT16(NDBE)_AX059,PAT20(ESO)_E_66
PAT16(NDBE)_AX061,PAT16(EAC)_A_360
PAT16(NDBE)_AX062,PAT16(NDBE)_B_311
PAT16(NDBE)_AX064,PAT9(NDBE)_J_184
PAT16(NDBE)_AX079,PAT16(NDBE)_B_252
PAT16(NDBE)_AX080,PAT6(LGD)_H_267
PAT16(NDBE)_AX081,PAT16(NDBE)_B_366
PAT16(NDBE)_AX082,PAT6(LGD)_H_65
PAT16(NDBE)_AX084,PAT9(NDBE)_J_287
PAT16(NDBE)_AX085,PAT14(HGD)_C_52
PAT16(NDBE)_AX086,PAT20(CARD)_F_212
PAT16(NDBE)_AX087,PAT9(NDBE)_J_178
PAT16(NDBE)_AX089,PAT14(NDBE)_D_240
PAT16(NDBE)_AX090,PAT6(LGD)_H_45
PAT16(NDBE)_AX091,PAT14(NDBE)_D_195
PAT16(NDBE)_AX092,PAT19(LGD)_B_35
PAT16(NDBE)_AX093,PAT20(ESO)_E_28
PAT16(NDBE)_AX094,PAT20(CARD)_F_342
PAT16(NDBE)_AX096,PAT19(LGD)_B_22
PAT16(NDBE)_AX097,PAT20(CARD)_F_48
PAT16(NDBE)_AX098,PAT16(NDBE)_B_131
PAT16(NDBE)_AX101,PAT20(CARD)_F_150
PAT16(NDBE)_AX102,PAT16(NDBE)_B_280
PAT16(NDBE)_AX105,PAT14(NDBE)_D_79
PAT16(NDBE)_AX106,PAT19(LGD)_B_133
PAT16(NDBE)_AX108,PAT20(ESO)_E_45
PAT16(NDBE)_AX110,PAT20(ESO)_E_320
PAT16(NDBE)_AX111,PAT20(ESO)_E_51
PAT16(NDBE)_AX112,PAT16(EAC)_A_307
PAT16(NDBE)_AX113,PAT6(LGD)_H_82
PAT16(NDBE)_AX114,PAT16(EAC)_A_231
PAT16(NDBE)_AX116,PAT20(CARD)_F_199
PAT16(NDBE)_AX117,PAT6(HGD)_I_264
PAT16(NDBE)_AX120,PAT6(LGD)_H_56
PAT16(NDBE)_AX124,PAT16(NDBE)_B_376
PAT16(NDBE)_AX126,PAT14(NDBE)_D_332
PAT16(NDBE)_AX129,PAT16(NDBE)_B_379
PAT16(NDBE)_AX130,PAT20(CARD)_F_375
PAT16(NDBE)_AX131,PAT20(CARD)_F_374
PAT16(NDBE)_AX132,PAT16(NDBE)_B_25
PAT16(NDBE)_AX133,PAT19(LGD)_B_23
PAT16(NDBE)_AX135,PAT20(CARD)_F_228
PAT16(NDBE)_AX136,PAT16(NDBE)_B_100
PAT16(NDBE)_AX138,PAT16(EAC)_A_3
PAT16(NDBE)_AX141,PAT14(HGD)_C_76
PAT16(NDBE)_AX143,PAT6(LGD)_H_123
PAT16(NDBE)_AX145,PAT20(CARD)_F_95
PAT16(NDBE)_AX146,PAT19(LGD)_B_128
PAT16(NDBE)_AX147,PAT16(EAC)_A_276
PAT16(NDBE)_AX149,PAT16(NDBE)_B_206
PAT16(NDBE)_AX151,PAT9(NDBE)_J_37
PAT16(NDBE)_AX152,PAT16(NDBE)_B_61
PAT16(NDBE)_AX161,PAT16(NDBE)_B_171
PAT16(NDBE)_AX162,PAT16(EAC)_A_261
PAT16(NDBE)_AX163,PAT20(CARD)_F_2
PAT16(NDBE)_AX166,PAT20(ESO)_E_185
PAT16(NDBE)_AX167,PAT20(CARD)_F_154
PAT16(NDBE)_AX168,PAT14(NDBE)_D_344
PAT16(NDBE)_AX169,PAT14(NDBE)_D_306
PAT16(NDBE)_AX170,PAT14(NDBE)_D_226
PAT16(NDBE)_AX172,PAT20(CARD)_F_131
PAT16(NDBE)_AX173,PAT20(CARD)_F_86
PAT16(NDBE)_AX175,PAT14(NDBE)_D_260
PAT16(NDBE)_AX176,PAT14(NDBE)_D_325
PAT16(NDBE)_AX177,PAT20(ESO)_E_15
PAT16(NDBE)_AX178,PAT16(NDBE)_B_123
PAT16(NDBE)_AX179,PAT16(EAC)_A_49
PAT16(NDBE)_AX180,PAT9(NDBE)_J_57
PAT16(NDBE)_AX181,PAT6(HGD)_I_146
PAT16(NDBE)_AX182,PAT9(NDBE)_J_379
PAT16(NDBE)_AX183,PAT20(HGD1)_D_287
PAT16(NDBE)_AX184,PAT20(CARD)_F_19
PAT16(NDBE)_AX187,PAT20(CARD)_F_11
PAT16(NDBE)_AX189,PAT16(EAC)_A_270
PAT16(NDBE)_AX190,PAT16(NDBE)_B_172
PAT16(NDBE)_AX191,PAT19(LGD)_B_230
PAT16(NDBE)_AX192,PAT6(LGD)_H_174
PAT16(NDBE)_AX196,PAT19(LGD)_B_362
PAT16(NDBE)_AX197,PAT20(ESO)_E_366
PAT16(NDBE)_AX198,PAT20(HGD1)_D_67
PAT16(NDBE)_AX199,PAT14(HGD)_C_327
PAT16(NDBE)_AX200,PAT16(NDBE)_B_103
PAT16(NDBE)_AX201,PAT16(NDBE)_B_173
PAT16(NDBE)_AX202,PAT20(CARD)_F_322
PAT16(NDBE)_AX203,PAT14(NDBE)_D_353
PAT16(NDBE)_AX206,PAT19(LGD)_B_253
PAT16(NDBE)_AX207,PAT14(NDBE)_D_285
PAT16(NDBE)_AX208,PAT20(CARD)_F_307
PAT16(NDBE)_AX209,PAT20(ESO)_E_1
PAT16(NDBE)_AX210,PAT9(NDBE)_J_48
PAT16(NDBE)_AX211,PAT19(LGD)_B_154
PAT16(NDBE)_AX212,PAT20(ESO)_E_71
PAT16(NDBE)_AX213,PAT20(ESO)_E_332
PAT16(NDBE)_AX217,PAT14(HGD)_C_356
PAT16(NDBE)_AX218,PAT16(NDBE)_B_106
PAT16(NDBE)_AX220,PAT16(NDBE)_B_86
PAT16(NDBE)_AX222,PAT20(CARD)_F_224
PAT16(NDBE)_AX223,PAT9(NDBE)_J_90
PAT16(NDBE)_AX224,PAT16(EAC)_A_192
PAT16(NDBE)_AX225,PAT14(HGD)_C_379
PAT16(NDBE)_AX226,PAT16(NDBE)_B_292
PAT16(NDBE)_AX227,PAT6(HGD)_I_246
PAT16(NDBE)_AX228,PAT6(LGD)_H_97
PAT16(NDBE)_AX229,PAT16(NDBE)_B_161
PAT16(NDBE)_AX233,PAT14(NDBE)_D_196
PAT16(NDBE)_AX234,PAT6(LGD)_H_281
PAT16(NDBE)_AX235,PAT20(ESO)_E_335
PAT16(NDBE)_AX236,PAT16(NDBE)_B_121
PAT16(NDBE)_AX237,PAT20(CARD)_F_18
PAT16(NDBE)_AX239,PAT16(NDBE)_B_370
PAT16(NDBE)_AX240,PAT14(HGD)_C_222
PAT16(NDBE)_AX241,PAT9(NDBE)_J_292
PAT16(NDBE)_AX243,PAT20(CARD)_F_33
PAT16(NDBE)_AX244,PAT20(CARD)_F_313
PAT16(NDBE)_AX245,PAT16(NDBE)_B_190
PAT16(NDBE)_AX246,PAT6(LGD)_H_380
PAT16(NDBE)_AX247,PAT19(LGD)_B_318
PAT16(NDBE)_AX248,PAT20(ESO)_E_368
PAT16(NDBE)_AX249,PAT20(ESO)_E_253
PAT16(NDBE)_AX250,PAT14(HGD)_C_17
PAT16(NDBE)_AX251,PAT19(LGD)_B_327
PAT16(NDBE)_AX252,PAT14(NDBE)_D_348
PAT16(NDBE)_AX253,PAT19(LGD)_B_354
PAT16(NDBE)_AX254,PAT9(NDBE)_J_105
PAT16(NDBE)_AX255,PAT6(LGD)_H_151
PAT16(NDBE)_AX256,PAT20(CARD)_F_294
PAT16(NDBE)_AX257,PAT14(NDBE)_D_274
PAT16(NDBE)_AX258,PAT20(CARD)_F_100
PAT16(NDBE)_AX259,PAT14(NDBE)_D_241
PAT16(NDBE)_AX260,PAT19(LGD)_B_19
PAT16(NDBE)_AX261,PAT20(ESO)_E_349
PAT16(NDBE)_AX262,PAT14(NDBE)_D_350
PAT16(NDBE)_AX265,PAT16(NDBE)_B_213
PAT16(NDBE)_AX269,PAT6(HGD)_I_120
PAT16(NDBE)_AX270,PAT9(NDBE)_J_246
PAT16(NDBE)_AX271,PAT14(NDBE)_D_243
PAT16(NDBE)_AX272,PAT20(ESO)_E_5
PAT16(NDBE)_AX273,PAT16(NDBE)_B_170
PAT16(NDBE)_AX276,PAT16(NDBE)_B_40
PAT16(NDBE)_AX277,PAT16(EAC)_A_293
PAT16(NDBE)_AX278,PAT14(NDBE)_D_10
PAT16(NDBE)_AX279,PAT14(HGD)_C_368
PAT16(NDBE)_AX281,PAT16(EAC)_A_81
PAT16(NDBE)_AX282,PAT6(LGD)_H_338
PAT16(NDBE)_AX283,PAT16(NDBE)_B_306
PAT16(NDBE)_AX284,PAT16(NDBE)_B_147
PAT16(NDBE)_AX286,PAT9(NDBE)_J_330
PAT16(NDBE)_AX288,PAT16(NDBE)_B_318
PAT16(NDBE)_AX289,PAT16(NDBE)_B_199
PAT16(NDBE)_AX294,PAT16(NDBE)_B_139
PAT16(NDBE)_AX295,PAT20(ESO)_E_192
PAT16(NDBE)_AX296,PAT16(EAC)_A_180
PAT16(NDBE)_AX297,PAT16(NDBE)_B_109
PAT16(NDBE)_AX299,PAT19(LGD)_B_219
PAT16(NDBE)_AX301,PAT16(NDBE)_B_30
PAT16(NDBE)_AX302,PAT20(ESO)_E_199
PAT16(NDBE)_AX303,PAT20(ESO)_E_115
PAT16(NDBE)_AX305,PAT6(LGD)_H_348
PAT16(NDBE)_AX307,PAT20(ESO)_E_18
PAT16(NDBE)_AX308,PAT20(CARD)_F_252
PAT16(NDBE)_AX309,PAT6(HGD)_I_311
PAT16(NDBE)_AX312,PAT14(NDBE)_D_214
PAT16(NDBE)_AX313,PAT16(NDBE)_B_104
PAT16(NDBE)_AX315,PAT16(EAC)_A_225
PAT16(NDBE)_AX316,PAT14(HGD)_C_318
PAT16(NDBE)_AX317,PAT20(CARD)_F_109
PAT16(NDBE)_AX318,PAT16(NDBE)_B_184
PAT16(NDBE)_AX319,PAT16(EAC)_A_257
PAT16(NDBE)_AX320,PAT16(EAC)_A_107
PAT16(NDBE)_AX321,PAT19(LGD)_B_273
PAT16(NDBE)_AX322,PAT14(HGD)_C_363
PAT16(NDBE)_AX325,PAT16(NDBE)_B_156
PAT16(NDBE)_AX326,PAT20(ESO)_E_378
PAT16(NDBE)_AX328,PAT6(LGD)_H_15
PAT16(NDBE)_AX330,PAT16(NDBE)_B_87
PAT16(NDBE)_AX333,PAT16(NDBE)_B_295
PAT16(NDBE)_AX334,PAT20(ESO)_E_31
PAT16(NDBE)_AX336,PAT16(NDBE)_B_127
PAT16(NDBE)_AX337,PAT16(EAC)_A_56
PAT16(NDBE)_AX338,PAT16(NDBE)_B_55
PAT16(NDBE)_AX339,PAT6(HGD)_I_338
PAT16(NDBE)_AX340,PAT6(LGD)_H_37
PAT16(NDBE)_AX341,PAT14(NDBE)_D_171
PAT16(NDBE)_AX343,PAT20(HGD1)_D_64
PAT16(NDBE)_AX344,PAT6(HGD)_I_31
PAT16(NDBE)_AX345,PAT19(LGD)_B_197
PAT16(NDBE)_AX347,PAT19(LGD)_B_112
PAT16(NDBE)_AX348,PAT16(NDBE)_B_160
PAT16(NDBE)_AX350,PAT9(NDBE)_J_209
PAT16(NDBE)_AX351,PAT16(NDBE)_B_132
PAT16(NDBE)_AX352,PAT16(NDBE)_B_154
PAT16(NDBE)_AX354,PAT14(NDBE)_D_292
PAT16(NDBE)_AX355,PAT16(NDBE)_B_179
PAT16(NDBE)_AX357,PAT9(NDBE)_J_380
PAT16(NDBE)_AX361,PAT16(NDBE)_B_75
PAT16(NDBE)_AX362,PAT6(LGD)_H_140
PAT16(NDBE)_AX364,PAT20(ESO)_E_328
PAT16(NDBE)_AX367,PAT20(CARD)_F_200
PAT16(NDBE)_AX368,PAT16(NDBE)_B_260
PAT16(NDBE)_AX370,PAT16(NDBE)_B_137
PAT16(NDBE)_AX371,PAT20(ESO)_E_60
PAT16(NDBE)_AX372,PAT6(LGD)_H_2
PAT16(NDBE)_AX373,PAT16(NDBE)_B_43
PAT16(NDBE)_AX374,PAT14(NDBE)_D_100
PAT16(NDBE)_AX375,PAT16(NDBE)_B_5
PAT16(NDBE)_AX377,PAT16(NDBE)_B_315
PAT16(NDBE)_AX378,PAT14(NDBE)_D_322
PAT16(NDBE)_AX382,PAT9(NDBE)_J_228
PAT6(LGD)_BB002,PAT6(LGD)_H_339
PAT6(LGD)_BB004,PAT6(LGD)_H_347
PAT6(LGD)_BB005,PAT20(CARD)_F_184
PAT6(LGD)_BB006,PAT6(LGD)_H_186
PAT6(LGD)_BB007,PAT6(LGD)_H_135
PAT6(LGD)_BB009,PAT6(LGD)_H_107
PAT6(LGD)_BB010,PAT6(LGD)_H_203
PAT6(LGD)_BB011,PAT6(LGD)_H_298
PAT6(LGD)_BB013,PAT6(LGD)_H_23
PAT6(LGD)_BB015,PAT6(LGD)_H_83
PAT6(LGD)_BB016,PAT6(LGD)_H_319
PAT6(LGD)_BB017,PAT6(LGD)_H_223
PAT6(LGD)_BB018,PAT6(LGD)_H_66
PAT6(LGD)_BB020,PAT6(LGD)_H_61
PAT6(LGD)_BB021,PAT6(LGD)_H_278
PAT6(LGD)_BB022,PAT6(LGD)_H_362
PAT6(LGD)_BB026,PAT6(LGD)_H_179
PAT6(LGD)_BB027,PAT6(LGD)_H_94
PAT6(LGD)_BB028,PAT19(LGD)_B_5
PAT6(LGD)_BB029,PAT6(LGD)_H_178
PAT6(LGD)_BB030,PAT6(LGD)_H_213
PAT6(LGD)_BB032,PAT6(LGD)_H_3
PAT6(LGD)_BB034,PAT14(NDBE)_D_347
PAT6(LGD)_BB035,PAT6(HGD)_I_288
PAT6(LGD)_BB036,PAT6(LGD)_H_357
PAT6(LGD)_BB037,PAT6(LGD)_H_383
PAT6(LGD)_BB038,PAT14(NDBE)_D_372
PAT6(LGD)_BB039,PAT6(LGD)_H_11
PAT6(LGD)_BB042,PAT6(LGD)_H_34
PAT6(LGD)_BB043,PAT6(LGD)_H_280
PAT6(LGD)_BB045,PAT6(LGD)_H_320
PAT6(LGD)_BB049,PAT6(LGD)_H_108
PAT6(LGD)_BB051,PAT6(LGD)_H_273
PAT6(LGD)_BB052,PAT6(LGD)_H_25
PAT6(LGD)_BB053,PAT6(LGD)_H_59
PAT6(LGD)_BB054,PAT6(LGD)_H_248
PAT6(LGD)_BB055,PAT6(LGD)_H_330
PAT6(LGD)_BB056,PAT20(CARD)_F_204
PAT6(LGD)_BB058,PAT6(LGD)_H_128
PAT6(LGD)_BB060,PAT6(LGD)_H_9
PAT6(LGD)_BB062,PAT9(NDBE)_J_197
PAT6(LGD)_BB063,PAT6(LGD)_H_161
PAT6(LGD)_BB064,PAT6(LGD)_H_190
PAT6(LGD)_BB065,PAT6(LGD)_H_175
PAT6(LGD)_BB066,PAT6(LGD)_H_67
PAT6(LGD)_BB068,PAT6(LGD)_H_295
PAT6(LGD)_BB070,PAT20(ESO)_E_284
PAT6(LGD)_BB071,PAT6(LGD)_H_303
PAT6(LGD)_BB072,PAT6(LGD)_H_234
PAT6(LGD)_BB074,PAT6(LGD)_H_292
PAT6(LGD)_BB075,PAT6(LGD)_H_373
PAT6(LGD)_BB076,PAT20(ESO)_E_132
PAT6(LGD)_BB077,PAT6(HGD)_I_170
PAT6(LGD)_BB078,PAT6(LGD)_H_41
PAT6(LGD)_BB080,PAT6(LGD)_H_46
PAT6(LGD)_BB081,PAT6(LGD)_H_313
PAT6(LGD)_BB082,PAT6(LGD)_H_335
PAT6(LGD)_BB083,PAT6(LGD)_H_351
PAT6(LGD)_BB085,PAT6(LGD)_H_114
PAT6(LGD)_BB087,PAT6(LGD)_H_326
PAT6(LGD)_BB088,PAT6(LGD)_H_92
PAT6(LGD)_BB089,PAT20(ESO)_E_278
PAT6(LGD)_BB090,PAT6(HGD)_I_181
PAT6(LGD)_BB091,PAT6(LGD)_H_75
PAT6(LGD)_BB092,PAT20(CARD)_F_308
PAT6(LGD)_BB093,PAT6(HGD)_I_219
PAT6(LGD)_BB097,PAT6(LGD)_H_208
PAT6(LGD)_BB098,PAT6(LGD)_H_7
PAT6(LGD)_BB100,PAT6(HGD)_I_342
PAT6(LGD)_BB105,PAT6(LGD)_H_325
PAT6(LGD)_BB107,PAT6(LGD)_H_315
PAT6(LGD)_BB108,PAT6(LGD)_H_118
PAT6(LGD)_BB109,PAT6(LGD)_H_6
PAT6(LGD)_BB111,PAT6(LGD)_H_192
PAT6(LGD)_BB112,PAT6(LGD)_H_356
PAT6(LGD)_BB113,PAT6(LGD)_H_210
PAT6(LGD)_BB114,PAT6(LGD)_H_104
PAT6(LGD)_BB115,PAT6(HGD)_I_172
PAT6(LGD)_BB118,PAT6(LGD)_H_113
PAT6(LGD)_BB119,PAT6(LGD)_H_99
PAT6(LGD)_BB120,PAT6(LGD)_H_272
PAT6(LGD)_BB121,PAT6(LGD)_H_27
PAT6(LGD)_BB122,PAT6(LGD)_H_14
PAT6(LGD)_BB124,PAT6(LGD)_H_205
PAT6(LGD)_BB125,PAT6(LGD)_H_134
PAT6(LGD)_BB126,PAT9(NDBE)_J_29
PAT6(LGD)_BB127,PAT6(HGD)_I_207
PAT6(LGD)_BB128,PAT6(LGD)_H_158
PAT6(LGD)_BB129,PAT6(LGD)_H_301
PAT6(LGD)_BB130,PAT6(LGD)_H_286
PAT6(LGD)_BB131,PAT6(LGD)_H_289
PAT6(LGD)_BB133,PAT6(HGD)_I_115
PAT6(LGD)_BB134,PAT6(LGD)_H_22
PAT6(LGD)_BB135,PAT6(LGD)_H_232
PAT6(LGD)_BB137,PAT6(LGD)_H_8
PAT6(LGD)_BB140,PAT6(LGD)_H_227
PAT6(LGD)_BB141,PAT6(LGD)_H_170
PAT6(LGD)_BB143,PAT6(LGD)_H_352
PAT6(LGD)_BB144,PAT9(NDBE)_J_241
PAT6(LGD)_BB145,PAT6(LGD)_H_251
PAT6(LGD)_BB146,PAT6(LGD)_H_279
PAT6(LGD)_BB147,PAT6(LGD)_H_142
PAT6(LGD)_BB149,PAT6(LGD)_H_69
PAT6(LGD)_BB153,PAT6(LGD)_H_70
PAT6(LGD)_BB154,PAT6(HGD)_I_286
PAT6(LGD)_BB155,PAT20(CARD)_F_334
PAT6(LGD)_BB157,PAT6(LGD)_H_74
PAT6(LGD)_BB158,PAT6(LGD)_H_369
PAT6(LGD)_BB159,PAT6(LGD)_H_55
PAT6(LGD)_BB160,PAT6(LGD)_H_290
PAT6(LGD)_BB162,PAT19(LGD)_B_113
PAT6(LGD)_BB163,PAT16(EAC)_A_313
PAT6(LGD)_BB164,PAT6(HGD)_I_40
PAT6(LGD)_BB165,PAT6(LGD)_H_344
PAT6(LGD)_BB166,PAT6(LGD)_H_30
PAT6(LGD)_BB167,PAT6(LGD)_H_225
PAT6(LGD)_BB171,PAT6(LGD)_H_35
PAT6(LGD)_BB174,PAT6(LGD)_H_157
PAT6(LGD)_BB175,PAT6(LGD)_H_329
PAT6(LGD)_BB177,PAT6(HGD)_I_218
PAT6(LGD)_BB178,PAT6(LGD)_H_246
PAT6(LGD)_BB181,PAT6(LGD)_H_76
PAT6(LGD)_BB183,PAT6(LGD)_H_166
PAT6(LGD)_BB184,PAT6(LGD)_H_87
PAT6(LGD)_BB185,PAT6(LGD)_H_323
PAT6(LGD)_BB186,PAT6(LGD)_H_125
PAT6(LGD)_BB187,PAT6(LGD)_H_145
PAT6(LGD)_BB188,PAT6(HGD)_I_7
PAT6(LGD)_BB189,PAT6(LGD)_H_247
PAT6(LGD)_BB191,PAT6(LGD)_H_299
PAT6(LGD)_BB192,PAT6(LGD)_H_78
PAT6(LGD)_BB193,PAT6(LGD)_H_189
PAT6(LGD)_BB194,PAT6(LGD)_H_308
PAT6(LGD)_BB195,PAT6(LGD)_H_257
PAT6(LGD)_BB196,PAT20(ESO)_E_176
PAT6(LGD)_BB197,PAT6(LGD)_H_200
PAT6(LGD)_BB198,PAT6(LGD)_H_80
PAT6(LGD)_BB199,PAT6(LGD)_H_195
PAT6(LGD)_BB202,PAT6(LGD)_H_182
PAT6(LGD)_BB205,PAT6(LGD)_H_222
PAT6(LGD)_BB206,PAT6(LGD)_H_374
PAT6(LGD)_BB207,PAT6(LGD)_H_116
PAT6(LGD)_BB208,PAT6(LGD)_H_171
PAT6(LGD)_BB209,PAT6(LGD)_H_112
PAT6(LGD)_BB210,PAT6(LGD)_H_193
PAT6(LGD)_BB212,PAT6(HGD)_I_197
PAT6(LGD)_BB214,PAT20(CARD)_F_148
PAT6(LGD)_BB215,PAT6(LGD)_H_117
PAT6(LGD)_BB216,PAT6(LGD)_H_302
PAT6(LGD)_BB217,PAT6(HGD)_I_292
PAT6(LGD)_BB218,PAT6(LGD)_H_73
PAT6(LGD)_BB219,PAT6(LGD)_H_120
PAT6(LGD)_BB221,PAT6(LGD)_H_165
PAT6(LGD)_BB222,PAT6(LGD)_H_43
PAT6(LGD)_BB224,PAT6(HGD)_I_152
PAT6(LGD)_BB226,PAT14(NDBE)_D_313
PAT6(LGD)_BB228,PAT6(HGD)_I_19
PAT6(LGD)_BB229,PAT14(NDBE)_D_284
PAT6(LGD)_BB231,PAT6(LGD)_H_181
PAT6(LGD)_BB234,PAT6(HGD)_I_24
PAT6(LGD)_BB235,PAT6(LGD)_H_353
PAT6(LGD)_BB236,PAT6(LGD)_H_219
PAT6(LGD)_BB237,PAT6(LGD)_H_271
PAT6(LGD)_BB239,PAT16(NDBE)_B_198
PAT6(LGD)_BB240,PAT6(LGD)_H_139
PAT6(LGD)_BB242,PAT6(LGD)_H_372
PAT6(LGD)_BB243,PAT6(LGD)_H_277
PAT6(LGD)_BB248,PAT6(HGD)_I_326
PAT6(LGD)_BB250,PAT6(LGD)_H_270
PAT6(LGD)_BB251,PAT6(LGD)_H_10
PAT6(LGD)_BB256,PAT6(LGD)_H_288
PAT6(LGD)_BB258,PAT6(LGD)_H_124
PAT6(LGD)_BB260,PAT6(HGD)_I_110
PAT6(LGD)_BB261,PAT14(NDBE)_D_294
PAT6(LGD)_BB263,PAT6(LGD)_H_106
PAT6(LGD)_BB266,PAT6(LGD)_H_228
PAT6(LGD)_BB267,PAT6(LGD)_H_199
PAT6(LGD)_BB268,PAT6(LGD)_H_156
PAT6(LGD)_BB271,PAT6(LGD)_H_274
PAT6(LGD)_BB274,PAT6(LGD)_H_230
PAT6(LGD)_BB275,PAT6(LGD)_H_132
PAT6(LGD)_BB280,PAT6(LGD)_H_314
PAT6(LGD)_BB281,PAT6(LGD)_H_215
PAT6(LGD)_BB285,PAT6(LGD)_H_252
PAT6(LGD)_BB287,PAT6(LGD)_H_207
PAT6(LGD)_BB288,PAT6(LGD)_H_188
PAT6(LGD)_BB290,PAT6(HGD)_I_276
PAT6(LGD)_BB291,PAT6(LGD)_H_243
PAT6(LGD)_BB292,PAT6(LGD)_H_250
PAT6(LGD)_BB295,PAT6(HGD)_I_166
PAT6(LGD)_BB298,PAT6(LGD)_H_202
PAT6(LGD)_BB299,PAT6(LGD)_H_100
PAT6(LGD)_BB312,PAT6(LGD)_H_57
PAT6(LGD)_BB316,PAT9(NDBE)_J_224
PAT6(LGD)_BB317,PAT6(LGD)_H_343
PAT6(LGD)_BB320,PAT6(LGD)_H_331
PAT6(LGD)_BB321,PAT6(HGD)_I_332
PAT6(LGD)_BB326,PAT6(LGD)_H_216
PAT6(LGD)_BB328,PAT6(LGD)_H_187
PAT6(LGD)_BB335,PAT6(LGD)_H_81
PAT6(LGD)_BB337,PAT19(LGD)_B_52
PAT6(LGD)_BB340,PAT6(LGD)_H_184
PAT6(LGD)_BB341,PAT6(HGD)_I_141
PAT6(LGD)_BB342,PAT6(LGD)_H_307
PAT6(LGD)_BB343,PAT6(LGD)_H_283
PAT6(LGD)_BB344,PAT6(HGD)_I_4
PAT6(LGD)_BB346,PAT6(LGD)_H_337
PAT6(LGD)_BB347,PAT6(LGD)_H_204
PAT6(LGD)_BB354,PAT6(LGD)_H_88
PAT6(LGD)_BB356,PAT6(LGD)_H_336
PAT6(LGD)_BB357,PAT6(LGD)_H_146
PAT6(LGD)_BB358,PAT6(LGD)_H_96
PAT6(LGD)_BB369,PAT6(LGD)_H_38
PAT6(LGD)_BB370,PAT6(HGD)_I_158
PAT6(LGD)_BB372,PAT6(LGD)_H_293
PAT6(LGD)_BB375,PAT6(LGD)_H_276
PAT6(LGD)_BB376,PAT20(ESO)_E_118
PAT6(LGD)_BB379,PAT6(LGD)_H_359
PAT6(LGD)_BB381,PAT6(LGD)_H_137
PAT6(LGD)_BB382,PAT6(LGD)_H_214
PAT6(LGD)_BB384,PAT9(NDBE)_J_319
PAT19(LGD)_BD001,PAT20(CARD)_F_332
PAT19(LGD)_BD002,PAT9(NDBE)_J_63
PAT19(LGD)_BD003,PAT6(LGD)_H_103
PAT19(LGD)_BD004,PAT20(ESO)_E_240
PAT19(LGD)_BD005,PAT19(LGD)_B_86
PAT19(LGD)_BD006,PAT20(HGD1)_D_37
PAT19(LGD)_BD007,PAT14(NDBE)_D_202
PAT19(LGD)_BD008,PAT20(ESO)_E_225
PAT19(LGD)_BD009,PAT16(NDBE)_B_304
PAT19(LGD)_BD010,PAT14(HGD)_C_341
PAT19(LGD)_BD011,PAT19(LGD)_B_351
PAT19(LGD)_BD013,PAT16(EAC)_A_44
PAT19(LGD)_BD014,PAT14(NDBE)_D_121
PAT19(LGD)_BD015,PAT20(CARD)_F_47
PAT19(LGD)_BD017,PAT6(HGD)_I_39
PAT19(LGD)_BD018,PAT14(NDBE)_D_304
PAT19(LGD)_BD019,PAT6(HGD)_I_154
PAT19(LGD)_BD020,PAT6(LGD)_H_21
PAT19(LGD)_BD021,PAT20(CARD)_F_127
PAT19(LGD)_BD022,PAT6(LGD)_H_86
PAT19(LGD)_BD023,PAT16(EAC)_A_48
PAT19(LGD)_BD024,PAT16(EAC)_A_88
PAT19(LGD)_BD026,PAT9(NDBE)_J_369
PAT19(LGD)_BD027,PAT19(LGD)_B_81
PAT19(LGD)_BD028,PAT16(NDBE)_B_297
PAT19(LGD)_BD029,PAT6(LGD)_H_172
PAT19(LGD)_BD030,PAT9(NDBE)_J_373
PAT19(LGD)_BD031,PAT20(CARD)_F_368
PAT19(LGD)_BD032,PAT20(CARD)_F_232
PAT19(LGD)_BD033,PAT19(LGD)_B_348
PAT19(LGD)_BD034,PAT14(NDBE)_D_365
PAT19(LGD)_BD035,PAT20(CARD)_F_80
PAT19(LGD)_BD036,PAT19(LGD)_B_107
PAT19(LGD)_BD037,PAT20(HGD1)_D_41
PAT19(LGD)_BD038,PAT9(NDBE)_J_291
PAT19(LGD)_BD039,PAT20(CARD)_F_74
PAT19(LGD)_BD040,PAT14(NDBE)_D_369
PAT19(LGD)_BD041,PAT19(LGD)_B_378
PAT19(LGD)_BD042,PAT19(LGD)_B_344
PAT19(LGD)_BD043,PAT14(HGD)_C_240
PAT19(LGD)_BD044,PAT14(NDBE)_D_267
PAT19(LGD)_BD045,PAT20(CARD)_F_165
PAT19(LGD)_BD046,PAT20(CARD)_F_302
PAT19(LGD)_BD047,PAT20(ESO)_E_235
PAT19(LGD)_BD048,PAT19(LGD)_B_212
PAT19(LGD)_BD049,PAT20(CARD)_F_207
PAT19(LGD)_BD050,PAT19(LGD)_B_231
PAT19(LGD)_BD051,PAT9(NDBE)_J_341
PAT19(LGD)_BD052,PAT6(HGD)_I_183
PAT19(LGD)_BD055,PAT14(HGD)_C_282
PAT19(LGD)_BD056,PAT6(HGD)_I_77
PAT19(LGD)_BD058,PAT16(EAC)_A_290
PAT19(LGD)_BD059,PAT20(CARD)_F_339
PAT19(LGD)_BD060,PAT14(NDBE)_D_173
PAT19(LGD)_BD061,PAT20(ESO)_E_23
PAT19(LGD)_BD062,PAT20(CARD)_F_315
PAT19(LGD)_BD063,PAT20(ESO)_E_251
PAT19(LGD)_BD064,PAT20(CARD)_F_180
PAT19(LGD)_BD065,PAT20(ESO)_E_65
PAT19(LGD)_BD066,PAT20(CARD)_F_239
PAT19(LGD)_BD067,PAT20(HGD1)_D_48
PAT19(LGD)_BD068,PAT16(NDBE)_B_26
PAT19(LGD)_BD069,PAT14(NDBE)_D_98
PAT19(LGD)_BD071,PAT14(NDBE)_D_327
PAT19(LGD)_BD072,PAT6(HGD)_I_134
PAT19(LGD)_BD073,PAT6(LGD)_H_98
PAT19(LGD)_BD074,PAT19(LGD)_B_20
PAT19(LGD)_BD075,PAT16(NDBE)_B_331
PAT19(LGD)_BD076,PAT20(CARD)_F_366
PAT19(LGD)_BD077,PAT20(ESO)_E_259
PAT19(LGD)_BD078,PAT6(LGD)_H_85
PAT19(LGD)_BD079,PAT20(HGD1)_D_274
PAT19(LGD)_BD080,PAT16(EAC)_A_201
PAT19(LGD)_BD081,PAT19(LGD)_B_331
PAT19(LGD)_BD083,PAT14(NDBE)_D_331
PAT19(LGD)_BD084,PAT14(NDBE)_D_116
PAT19(LGD)_BD085,PAT20(CARD)_F_99
PAT19(LGD)_BD086,PAT20(HGD1)_D_234
PAT19(LGD)_BD087,PAT6(LGD)_H_90
PAT19(LGD)_BD088,PAT14(NDBE)_D_192
PAT19(LGD)_BD089,PAT6(HGD)_I_155
PAT19(LGD)_BD090,PAT14(NDBE)_D_257
PAT19(LGD)_BD091,PAT20(CARD)_F_78
PAT19(LGD)_BD092,PAT20(CARD)_F_105
PAT19(LGD)_BD093,PAT20(ESO)_E_76
PAT19(LGD)_BD094,PAT9(NDBE)_J_329
PAT19(LGD)_BD095,PAT20(ESO)_E_140
PAT19(LGD)_BD096,PAT19(LGD)_B_282
PAT19(LGD)_BD098,PAT20(CARD)_F_223
PAT19(LGD)_BD099,PAT19(LGD)_B_49
PAT19(LGD)_BD100,PAT6(LGD)_H_62
PAT19(LGD)_BD101,PAT16(NDBE)_B_135
PAT19(LGD)_BD102,PAT6(LGD)_H_191
PAT19(LGD)_BD103,PAT19(LGD)_B_38
PAT19(LGD)_BD104,PAT20(ESO)_E_367
PAT19(LGD)_BD105,PAT19(LGD)_B_29
PAT19(LGD)_BD106,PAT9(NDBE)_J_78
PAT19(LGD)_BD107,PAT19(LGD)_B_103
PAT19(LGD)_BD108,PAT19(LGD)_B_211
PAT19(LGD)_BD109,PAT19(LGD)_B_12
PAT19(LGD)_BD110,PAT20(ESO)_E_53
PAT19(LGD)_BD112,PAT6(LGD)_H_12
PAT19(LGD)_BD113,PAT19(LGD)_B_310
PAT19(LGD)_BD114,PAT20(ESO)_E_179
PAT19(LGD)_BD115,PAT14(NDBE)_D_197
PAT19(LGD)_BD116,PAT6(LGD)_H_375
PAT19(LGD)_BD117,PAT16(EAC)_A_254
PAT19(LGD)_BD118,PAT16(EAC)_A_166
PAT19(LGD)_BD119,PAT6(LGD)_H_152
PAT19(LGD)_BD120,PAT19(LGD)_B_28
PAT19(LGD)_BD121,PAT6(LGD)_H_84
PAT19(LGD)_BD122,PAT9(NDBE)_J_150
PAT19(LGD)_BD123,PAT6(LGD)_H_360
PAT19(LGD)_BD124,PAT6(LGD)_H_317
PAT19(LGD)_BD125,PAT6(HGD)_I_255
PAT19(LGD)_BD126,PAT6(LGD)_H_269
PAT19(LGD)_BD127,PAT20(CARD)_F_324
PAT19(LGD)_BD128,PAT20(ESO)_E_187
PAT19(LGD)_BD129,PAT9(NDBE)_J_55
PAT19(LGD)_BD130,PAT14(NDBE)_D_150
PAT19(LGD)_BD132,PAT6(LGD)_H_249
PAT19(LGD)_BD133,PAT9(NDBE)_J_114
PAT19(LGD)_BD134,PAT20(CARD)_F_283
PAT19(LGD)_BD135,PAT16(EAC)_A_140
PAT19(LGD)_BD136,PAT14(HGD)_C_310
PAT19(LGD)_BD137,PAT20(CARD)_F_241
PAT19(LGD)_BD138,PAT14(NDBE)_D_293
PAT19(LGD)_BD139,PAT19(LGD)_B_283
PAT19(LGD)_BD140,PAT20(ESO)_E_355
PAT19(LGD)_BD141,PAT14(HGD)_C_256
PAT19(LGD)_BD142,PAT20(CARD)_F_116
PAT19(LGD)_BD143,PAT9(NDBE)_J_344
PAT19(LGD)_BD144,PAT16(NDBE)_B_13
PAT19(LGD)_BD145,PAT20(ESO)_E_11
PAT19(LGD)_BD146,PAT20(CARD)_F_104
PAT19(LGD)_BD147,PAT20(CARD)_F_132
PAT19(LGD)_BD148,PAT19(LGD)_B_243
PAT19(LGD)_BD149,PAT6(LGD)_H_127
PAT19(LGD)_BD150,PAT9(NDBE)_J_216
PAT19(LGD)_BD151,PAT20(ESO)_E_207
PAT19(LGD)_BD152,PAT19(LGD)_B_108
PAT19(LGD)_BD153,PAT16(NDBE)_B_253
PAT19(LGD)_BD154,PAT16(NDBE)_B_375
PAT19(LGD)_BD155,PAT9(NDBE)_J_180
PAT19(LGD)_BD156,PAT20(CARD)_F_114
PAT19(LGD)_BD157,PAT9(NDBE)_J_271
PAT19(LGD)_BD158,PAT20(CARD)_F_296
PAT19(LGD)_BD159,PAT20(ESO)_E_230
PAT19(LGD)_BD160,PAT16(EAC)_A_253
PAT19(LGD)_BD161,PAT20(ESO)_E_383
PAT19(LGD)_BD162,PAT14(NDBE)_D_95
PAT19(LGD)_BD163,PAT9(NDBE)_J_153
PAT19(LGD)_BD164,PAT19(LGD)_B_259
PAT19(LGD)_BD165,PAT6(LGD)_H_209
PAT19(LGD)_BD166,PAT20(ESO)_E_175
PAT19(LGD)_BD167,PAT9(NDBE)_J_261
PAT19(LGD)_BD168,PAT20(CARD)_F_351
PAT19(LGD)_BD169,PAT20(CARD)_F_373
PAT19(LGD)_BD171,PAT20(ESO)_E_169
PAT19(LGD)_BD172,PAT9(NDBE)_J_334
PAT19(LGD)_BD175,PAT9(NDBE)_J_132
PAT19(LGD)_BD176,PAT6(HGD)_I_224
PAT19(LGD)_BD177,PAT20(ESO)_E_56
PAT19(LGD)_BD178,PAT20(ESO)_E_337
PAT19(LGD)_BD179,PAT6(HGD)_I_102
PAT19(LGD)_BD180,PAT19(LGD)_B_155
PAT19(LGD)_BD181,PAT20(ESO)_E_271
PAT19(LGD)_BD182,PAT14(NDBE)_D_343
PAT19(LGD)_BD183,PAT6(LGD)_H_130
PAT19(LGD)_BD184,PAT6(LGD)_H_51
PAT19(LGD)_BD185,PAT6(LGD)_H_110
PAT19(LGD)_BD186,PAT19(LGD)_B_223
PAT19(LGD)_BD187,PAT14(HGD)_C_215
PAT19(LGD)_BD188,PAT20(CARD)_F_171
PAT19(LGD)_BD189,PAT9(NDBE)_J_115
PAT19(LGD)_BD190,PAT20(ESO)_E_117
PAT19(LGD)_BD191,PAT6(HGD)_I_5
PAT19(LGD)_BD192,PAT20(CARD)_F_274
PAT19(LGD)_BD195,PAT16(NDBE)_B_248
PAT19(LGD)_BD196,PAT9(NDBE)_J_338
PAT19(LGD)_BD197,PAT14(NDBE)_D_115
PAT19(LGD)_BD198,PAT20(ESO)_E_346
PAT19(LGD)_BD199,PAT6(LGD)_H_0
PAT19(LGD)_BD200,PAT19(LGD)_B_158
PAT19(LGD)_BD201,PAT16(NDBE)_B_39
PAT19(LGD)_BD203,PAT20(ESO)_E_308
PAT19(LGD)_BD204,PAT14(NDBE)_D_253
PAT19(LGD)_BD205,PAT20(ESO)_E_289
PAT19(LGD)_BD206,PAT20(ESO)_E_52
PAT19(LGD)_BD207,PAT6(LGD)_H_354
PAT19(LGD)_BD208,PAT20(ESO)_E_198
PAT19(LGD)_BD209,PAT20(CARD)_F_17
PAT19(LGD)_BD210,PAT19(LGD)_B_291
PAT19(LGD)_BD211,PAT16(EAC)_A_353
PAT19(LGD)_BD212,PAT19(LGD)_B_39
PAT19(LGD)_BD213,PAT9(NDBE)_J_130
PAT19(LGD)_BD214,PAT20(ESO)_E_343
PAT19(LGD)_BD215,PAT20(ESO)_E_202
PAT19(LGD)_BD216,PAT19(LGD)_B_373
PAT19(LGD)_BD217,PAT6(LGD)_H_77
PAT19(LGD)_BD219,PAT20(CARD)_F_67
PAT19(LGD)_BD220,PAT20(CARD)_F_311
PAT19(LGD)_BD221,PAT16(NDBE)_B_62
PAT19(LGD)_BD222,PAT9(NDBE)_J_187
PAT19(LGD)_BD223,PAT19(LGD)_B_37
PAT19(LGD)_BD224,PAT14(HGD)_C_358
PAT19(LGD)_BD225,PAT6(LGD)_H_211
PAT19(LGD)_BD226,PAT16(EAC)_A_252
PAT19(LGD)_BD227,PAT9(NDBE)_J_295
PAT19(LGD)_BD228,PAT20(CARD)_F_162
PAT19(LGD)_BD229,PAT14(HGD)_C_374
PAT19(LGD)_BD230,PAT20(ESO)_E_42
PAT19(LGD)_BD231,PAT14(NDBE)_D_367
PAT19(LGD)_BD232,PAT14(NDBE)_D_281
PAT19(LGD)_BD233,PAT19(LGD)_B_104
PAT19(LGD)_BD234,PAT19(LGD)_B_198
PAT19(LGD)_BD235,PAT20(ESO)_E_87
PAT19(LGD)_BD236,PAT14(NDBE)_D_317
PAT19(LGD)_BD237,PAT20(CARD)_F_251
PAT19(LGD)_BD238,PAT20(CARD)_F_125
PAT19(LGD)_BD239,PAT6(LGD)_H_150
PAT19(LGD)_BD240,PAT14(NDBE)_D_175
PAT19(LGD)_BD242,PAT6(LGD)_H_109
PAT19(LGD)_BD243,PAT14(HGD)_C_354
PAT19(LGD)_BD244,PAT9(NDBE)_J_234
PAT19(LGD)_BD245,PAT19(LGD)_B_361
PAT19(LGD)_BD247,PAT6(LGD)_H_141
PAT19(LGD)_BD248,PAT20(ESO)_E_210
PAT19(LGD)_BD250,PAT20(CARD)_F_304
PAT19(LGD)_BD251,PAT14(HGD)_C_334
PAT19(LGD)_BD252,PAT19(LGD)_B_170
PAT19(LGD)_BD253,PAT20(CARD)_F_320
PAT19(LGD)_BD254,PAT6(LGD)_H_333
PAT19(LGD)_BD255,PAT14(NDBE)_D_77
PAT19(LGD)_BD256,PAT14(NDBE)_D_319
PAT19(LGD)_BD257,PAT20(ESO)_E_220
PAT19(LGD)_BD258,PAT20(CARD)_F_215
PAT19(LGD)_BD259,PAT20(CARD)_F_329
PAT19(LGD)_BD260,PAT16(NDBE)_B_365
PAT19(LGD)_BD261,PAT20(CARD)_F_280
PAT19(LGD)_BD262,PAT16(NDBE)_B_88
PAT19(LGD)_BD263,PAT20(CARD)_F_155
PAT19(LGD)_BD264,PAT9(NDBE)_J_290
PAT19(LGD)_BD265,PAT20(CARD)_F_70
PAT19(LGD)_BD267,PAT19(LGD)_B_143
PAT19(LGD)_BD268,PAT16(NDBE)_B_329
PAT19(LGD)_BD269,PAT14(NDBE)_D_233
PAT19(LGD)_BD270,PAT9(NDBE)_J_298
PAT19(LGD)_BD271,PAT20(CARD)_F_76
PAT19(LGD)_BD272,PAT14(HGD)_C_381
PAT19(LGD)_BD273,PAT20(ESO)_E_162
PAT19(LGD)_BD274,PAT20(CARD)_F_262
PAT19(LGD)_BD275,PAT14(NDBE)_D_205
PAT19(LGD)_BD276,PAT20(CARD)_F_300
PAT19(LGD)_BD277,PAT6(LGD)_H_334
PAT19(LGD)_BD278,PAT9(NDBE)_J_214
PAT19(LGD)_BD279,PAT19(LGD)_B_47
PAT19(LGD)_BD280,PAT6(LGD)_H_305
PAT19(LGD)_BD281,PAT19(LGD)_B_250
PAT19(LGD)_BD282,PAT6(LGD)_H_221
PAT19(LGD)_BD283,PAT6(LGD)_H_259
PAT19(LGD)_BD284,PAT6(LGD)_H_19
PAT19(LGD)_BD285,PAT20(ESO)_E_295
PAT19(LGD)_BD286,PAT20(ESO)_E_82
PAT19(LGD)_BD287,PAT20(CARD)_F_238
PAT19(LGD)_BD288,PAT20(HGD1)_D_277
PAT19(LGD)_BD290,PAT19(LGD)_B_287
PAT19(LGD)_BD291,PAT16(EAC)_A_41
PAT19(LGD)_BD293,PAT19(LGD)_B_298
PAT19(LGD)_BD294,PAT9(NDBE)_J_35
PAT19(LGD)_BD295,PAT9(NDBE)_J_39
PAT19(LGD)_BD296,PAT9(NDBE)_J_186
PAT19(LGD)_BD297,PAT6(LGD)_H_296
PAT19(LGD)_BD298,PAT20(ESO)_E_205
PAT19(LGD)_BD299,PAT20(CARD)_F_379
PAT19(LGD)_BD300,PAT20(ESO)_E_40
PAT19(LGD)_BD301,PAT19(LGD)_B_306
PAT19(LGD)_BD302,PAT19(LGD)_B_100
PAT19(LGD)_BD303,PAT9(NDBE)_J_33
PAT19(LGD)_BD305,PAT14(HGD)_C_333
PAT19(LGD)_BD306,PAT9(NDBE)_J_68
PAT19(LGD)_BD307,PAT20(ESO)_E_279
PAT19(LGD)_BD308,PAT6(HGD)_I_167
PAT19(LGD)_BD309,PAT19(LGD)_B_248
PAT19(LGD)_BD311,PAT20(ESO)_E_269
PAT19(LGD)_BD312,PAT20(CARD)_F_305
PAT19(LGD)_BD313,PAT19(LGD)_B_145
PAT19(LGD)_BD314,PAT6(HGD)_I_242
PAT19(LGD)_BD315,PAT16(EAC)_A_363
PAT19(LGD)_BD316,PAT20(ESO)_E_139
PAT19(LGD)_BD317,PAT19(LGD)_B_87
PAT19(LGD)_BD319,PAT6(LGD)_H_143
PAT19(LGD)_BD320,PAT6(LGD)_H_160
PAT19(LGD)_BD321,PAT20(CARD)_F_198
PAT19(LGD)_BD322,PAT9(NDBE)_J_262
PAT19(LGD)_BD323,PAT20(CARD)_F_121
PAT19(LGD)_BD324,PAT20(CARD)_F_381
PAT19(LGD)_BD325,PAT20(ESO)_E_32
PAT19(LGD)_BD326,PAT6(LGD)_H_169
PAT19(LGD)_BD327,PAT20(ESO)_E_257
PAT19(LGD)_BD328,PAT16(NDBE)_B_286
PAT19(LGD)_BD329,PAT19(LGD)_B_30
PAT19(LGD)_BD330,PAT20(CARD)_F_221
PAT19(LGD)_BD331,PAT20(CARD)_F_253
PAT19(LGD)_BD332,PAT16(NDBE)_B_175
PAT19(LGD)_BD333,PAT9(NDBE)_J_333
PAT19(LGD)_BD334,PAT20(CARD)_F_267
PAT19(LGD)_BD335,PAT16(NDBE)_B_328
PAT19(LGD)_BD336,PAT16(EAC)_A_229
PAT19(LGD)_BD337,PAT20(HGD1)_D_168
PAT19(LGD)_BD338,PAT20(CARD)_F_259
PAT19(LGD)_BD339,PAT6(LGD)_H_255
PAT19(LGD)_BD340,PAT6(LGD)_H_238
PAT19(LGD)_BD341,PAT14(NDBE)_D_299
PAT19(LGD)_BD342,PAT19(LGD)_B_377
PAT19(LGD)_BD343,PAT19(LGD)_B_167
PAT19(LGD)_BD344,PAT20(CARD)_F_378
PAT19(LGD)_BD345,PAT9(NDBE)_J_46
PAT19(LGD)_BD346,PAT6(LGD)_H_24
PAT19(LGD)_BD347,PAT14(NDBE)_D_54
PAT19(LGD)_BD348,PAT6(LGD)_H_268
PAT19(LGD)_BD349,PAT6(HGD)_I_105
PAT19(LGD)_BD350,PAT14(NDBE)_D_162
PAT19(LGD)_BD351,PAT19(LGD)_B_246
PAT19(LGD)_BD352,PAT20(CARD)_F_277
PAT19(LGD)_BD353,PAT6(HGD)_I_305
PAT19(LGD)_BD354,PAT14(NDBE)_D_80
PAT19(LGD)_BD355,PAT20(CARD)_F_167
PAT19(LGD)_BD356,PAT6(LGD)_H_163
PAT19(LGD)_BD357,PAT20(ESO)_E_184
PAT19(LGD)_BD358,PAT20(CARD)_F_264
PAT19(LGD)_BD359,PAT14(HGD)_C_339
PAT19(LGD)_BD361,PAT16(NDBE)_B_270
PAT19(LGD)_BD362,PAT9(NDBE)_J_40
PAT19(LGD)_BD363,PAT6(LGD)_H_162
PAT19(LGD)_BD365,PAT14(HGD)_C_278
PAT19(LGD)_BD366,PAT9(NDBE)_J_211
PAT19(LGD)_BD367,PAT14(NDBE)_D_207
PAT19(LGD)_BD368,PAT14(NDBE)_D_126
PAT19(LGD)_BD369,PAT20(CARD)_F_101
PAT19(LGD)_BD370,PAT20(ESO)_E_142
PAT19(LGD)_BD371,PAT19(LGD)_B_300
PAT19(LGD)_BD372,PAT9(NDBE)_J_126
PAT19(LGD)_BD373,PAT16(EAC)_A_211
PAT19(LGD)_BD374,PAT6(LGD)_H_53
PAT19(LGD)_BD375,PAT19(LGD)_B_115
PAT19(LGD)_BD376,PAT6(LGD)_H_300
PAT19(LGD)_BD377,PAT20(ESO)_E_299
PAT19(LGD)_BD378,PAT20(ESO)_E_86
PAT19(LGD)_BD379,PAT19(LGD)_B_221
PAT19(LGD)_BD380,PAT9(NDBE)_J_306
PAT19(LGD)_BD381,PAT20(HGD1)_D_374
PAT19(LGD)_BD382,PAT6(LGD)_H_147
PAT19(LGD)_BD383,PAT16(NDBE)_B_364
PAT6(HGD)_BG004,PAT6(LGD)_H_136
PAT6(HGD)_BG008,PAT6(HGD)_I_85
PAT6(HGD)_BG009,PAT6(HGD)_I_51
PAT6(HGD)_BG011,PAT6(HGD)_I_232
PAT6(HGD)_BG012,PAT6(HGD)_I_266
PAT6(HGD)_BG014,PAT6(LGD)_H_79
PAT6(HGD)_BG015,PAT6(HGD)_I_127
PAT6(HGD)_BG016,PAT6(HGD)_I_310
PAT6(HGD)_BG018,PAT6(LGD)_H_217
PAT6(HGD)_BG019,PAT6(HGD)_I_60
PAT6(HGD)_BG020,PAT6(HGD)_I_179
PAT6(HGD)_BG021,PAT6(HGD)_I_214
PAT6(HGD)_BG024,PAT6(HGD)_I_205
PAT6(HGD)_BG026,PAT6(HGD)_I_284
PAT6(HGD)_BG029,PAT6(HGD)_I_82
PAT6(HGD)_BG030,PAT6(HGD)_I_335
PAT6(HGD)_BG031,PAT6(HGD)_I_235
PAT6(HGD)_BG032,PAT6(HGD)_I_295
PAT6(HGD)_BG033,PAT6(HGD)_I_99
PAT6(HGD)_BG035,PAT6(HGD)_I_121
PAT6(HGD)_BG037,PAT6(HGD)_I_234
PAT6(HGD)_BG038,PAT6(HGD)_I_15
PAT6(HGD)_BG048,PAT16(EAC)_A_188
PAT6(HGD)_BG052,PAT6(HGD)_I_88
PAT6(HGD)_BG054,PAT6(HGD)_I_150
PAT6(HGD)_BG055,PAT6(LGD)_H_327
PAT6(HGD)_BG063,PAT6(HGD)_I_186
PAT6(HGD)_BG065,PAT6(HGD)_I_174
PAT6(HGD)_BG067,PAT6(HGD)_I_229
PAT6(HGD)_BG069,PAT6(HGD)_I_67
PAT6(HGD)_BG070,PAT6(HGD)_I_308
PAT6(HGD)_BG072,PAT6(LGD)_H_42
PAT6(HGD)_BG074,PAT6(HGD)_I_36
PAT6(HGD)_BG078,PAT6(LGD)_H_239
PAT6(HGD)_BG080,PAT9(NDBE)_J_88
PAT6(HGD)_BG082,PAT6(HGD)_I_258
PAT6(HGD)_BG083,PAT6(HGD)_I_25
PAT6(HGD)_BG085,PAT6(HGD)_I_169
PAT6(HGD)_BG086,PAT6(HGD)_I_68
PAT6(HGD)_BG087,PAT6(HGD)_I_84
PAT6(HGD)_BG088,PAT6(HGD)_I_61
PAT6(HGD)_BG089,PAT6(HGD)_I_13
PAT6(HGD)_BG090,PAT6(HGD)_I_151
PAT6(HGD)_BG092,PAT6(LGD)_H_144
PAT6(HGD)_BG093,PAT6(LGD)_H_17
PAT6(HGD)_BG094,PAT6(HGD)_I_21
PAT6(HGD)_BG095,PAT6(HGD)_I_122
PAT6(HGD)_BG097,PAT6(HGD)_I_278
PAT6(HGD)_BG098,PAT6(HGD)_I_139
PAT6(HGD)_BG099,PAT6(HGD)_I_55
PAT6(HGD)_BG100,PAT6(HGD)_I_160
PAT6(HGD)_BG101,PAT6(HGD)_I_124
PAT6(HGD)_BG104,PAT6(HGD)_I_128
PAT6(HGD)_BG106,PAT6(HGD)_I_9
PAT6(HGD)_BG107,PAT16(NDBE)_B_215
PAT6(HGD)_BG108,PAT6(HGD)_I_117
PAT6(HGD)_BG110,PAT6(HGD)_I_161
PAT6(HGD)_BG112,PAT6(HGD)_I_220
PAT6(HGD)_BG113,PAT14(HGD)_C_232
PAT6(HGD)_BG114,PAT6(HGD)_I_314
PAT6(HGD)_BG115,PAT6(LGD)_H_260
PAT6(HGD)_BG116,PAT6(HGD)_I_211
PAT6(HGD)_BG117,PAT6(HGD)_I_196
PAT6(HGD)_BG119,PAT6(HGD)_I_320
PAT6(HGD)_BG124,PAT6(HGD)_I_282
PAT6(HGD)_BG125,PAT6(LGD)_H_101
PAT6(HGD)_BG128,PAT6(HGD)_I_176
PAT6(HGD)_BG129,PAT6(HGD)_I_333
PAT6(HGD)_BG130,PAT6(HGD)_I_103
PAT6(HGD)_BG131,PAT6(HGD)_I_272
PAT6(HGD)_BG133,PAT6(HGD)_I_116
PAT6(HGD)_BG134,PAT6(HGD)_I_104
PAT6(HGD)_BG135,PAT6(HGD)_I_304
PAT6(HGD)_BG136,PAT6(HGD)_I_301
PAT6(HGD)_BG139,PAT6(HGD)_I_245
PAT6(HGD)_BG140,PAT6(HGD)_I_191
PAT6(HGD)_BG141,PAT6(HGD)_I_227
PAT6(HGD)_BG142,PAT6(LGD)_H_275
PAT6(HGD)_BG143,PAT6(LGD)_H_198
PAT6(HGD)_BG144,PAT6(HGD)_I_14
PAT6(HGD)_BG147,PAT6(HGD)_I_54
PAT6(HGD)_BG148,PAT6(LGD)_H_242
PAT6(HGD)_BG150,PAT6(LGD)_H_47
PAT6(HGD)_BG151,PAT6(HGD)_I_8
PAT6(HGD)_BG152,PAT6(HGD)_I_140
PAT6(HGD)_BG153,PAT6(HGD)_I_303
PAT6(HGD)_BG156,PAT6(HGD)_I_66
PAT6(HGD)_BG157,PAT6(HGD)_I_12
PAT6(HGD)_BG159,PAT6(HGD)_I_129
PAT6(HGD)_BG163,PAT6(LGD)_H_119
PAT6(HGD)_BG164,PAT6(HGD)_I_203
PAT6(HGD)_BG165,PAT20(CARD)_F_344
PAT6(HGD)_BG167,PAT6(HGD)_I_201
PAT6(HGD)_BG168,PAT6(HGD)_I_126
PAT6(HGD)_BG182,PAT6(HGD)_I_252
PAT6(HGD)_BG183,PAT6(HGD)_I_71
PAT6(HGD)_BG184,PAT6(HGD)_I_130
PAT6(HGD)_BG187,PAT6(HGD)_I_75
PAT6(HGD)_BG190,PAT6(HGD)_I_231
PAT6(HGD)_BG191,PAT6(HGD)_I_313
PAT6(HGD)_BG194,PAT6(HGD)_I_296
PAT6(HGD)_BG195,PAT6(LGD)_H_180
PAT6(HGD)_BG197,PAT6(HGD)_I_94
PAT6(HGD)_BG198,PAT6(LGD)_H_183
PAT6(HGD)_BG199,PAT6(HGD)_I_50
PAT6(HGD)_BG201,PAT6(HGD)_I_17
PAT6(HGD)_BG202,PAT6(LGD)_H_153
PAT6(HGD)_BG203,PAT6(HGD)_I_98
PAT6(HGD)_BG205,PAT6(HGD)_I_195
PAT6(HGD)_BG207,PAT6(HGD)_I_187
PAT6(HGD)_BG210,PAT6(LGD)_H_342
PAT6(HGD)_BG211,PAT6(HGD)_I_34
PAT6(HGD)_BG212,PAT6(HGD)_I_238
PAT6(HGD)_BG213,PAT6(HGD)_I_237
PAT6(HGD)_BG214,PAT6(HGD)_I_144
PAT6(HGD)_BG215,PAT20(CARD)_F_172
PAT6(HGD)_BG216,PAT6(HGD)_I_165
PAT6(HGD)_BG217,PAT6(HGD)_I_180
PAT6(HGD)_BG218,PAT6(HGD)_I_248
PAT6(HGD)_BG220,PAT6(LGD)_H_33
PAT6(HGD)_BG223,PAT6(HGD)_I_213
PAT6(HGD)_BG225,PAT6(HGD)_I_123
PAT6(HGD)_BG229,PAT6(LGD)_H_155
PAT6(HGD)_BG231,PAT6(HGD)_I_228
PAT6(HGD)_BG233,PAT6(HGD)_I_271
PAT6(HGD)_BG234,PAT6(HGD)_I_277
PAT6(HGD)_BG236,PAT6(HGD)_I_254
PAT6(HGD)_BG240,PAT6(LGD)_H_240
PAT6(HGD)_BG242,PAT6(HGD)_I_290
PAT6(HGD)_BG243,PAT6(HGD)_I_325
PAT6(HGD)_BG245,PAT6(LGD)_H_176
PAT6(HGD)_BG246,PAT6(HGD)_I_309
PAT6(HGD)_BG247,PAT6(LGD)_H_206
PAT6(HGD)_BG249,PAT6(LGD)_H_229
PAT6(HGD)_BG250,PAT6(HGD)_I_57
PAT6(HGD)_BG253,PAT6(HGD)_I_114
PAT6(HGD)_BG256,PAT6(HGD)_I_202
PAT6(HGD)_BG258,PAT6(HGD)_I_20
PAT6(HGD)_BG265,PAT6(HGD)_I_329
PAT6(HGD)_BG266,PAT6(HGD)_I_230
PAT6(HGD)_BG267,PAT6(HGD)_I_63
PAT6(HGD)_BG271,PAT6(HGD)_I_236
PAT6(HGD)_BG272,PAT6(HGD)_I_256
PAT6(HGD)_BG274,PAT6(HGD)_I_113
PAT6(HGD)_BG276,PAT6(HGD)_I_111
PAT6(HGD)_BG277,PAT19(LGD)_B_199
PAT6(HGD)_BG278,PAT6(HGD)_I_298
PAT6(HGD)_BG283,PAT6(LGD)_H_31
PAT6(HGD)_BG285,PAT6(HGD)_I_62
PAT6(HGD)_BG286,PAT6(HGD)_I_268
PAT6(HGD)_BG287,PAT6(HGD)_I_317
PAT6(HGD)_BG295,PAT6(HGD)_I_307
PAT6(HGD)_BG298,PAT19(LGD)_B_257
PAT6(HGD)_BG302,PAT6(HGD)_I_52
PAT6(HGD)_BG303,PAT6(LGD)_H_258
PAT6(HGD)_BG304,PAT6(HGD)_I_223
PAT6(HGD)_BG305,PAT6(HGD)_I_10
PAT6(HGD)_BG307,PAT6(HGD)_I_43
PAT6(HGD)_BG310,PAT6(HGD)_I_297
PAT6(HGD)_BG311,PAT6(HGD)_I_247
PAT6(HGD)_BG312,PAT20(ESO)_E_358
PAT6(HGD)_BG316,PAT6(HGD)_I_257
PAT6(HGD)_BG317,PAT6(HGD)_I_138
PAT6(HGD)_BG325,PAT6(HGD)_I_143
PAT6(HGD)_BG326,PAT6(LGD)_H_254
PAT6(HGD)_BG330,PAT6(HGD)_I_100
PAT6(HGD)_BG331,PAT9(NDBE)_J_284
PAT6(HGD)_BG332,PAT20(ESO)_E_282
PAT6(HGD)_BG333,PAT6(HGD)_I_274
PAT6(HGD)_BG342,PAT6(HGD)_I_300
PAT6(HGD)_BG347,PAT6(HGD)_I_279
PAT6(HGD)_BG348,PAT6(HGD)_I_177
PAT6(HGD)_BG351,PAT9(NDBE)_J_13
PAT6(HGD)_BG352,PAT6(HGD)_I_137
PAT6(HGD)_BG353,PAT6(HGD)_I_132
PAT6(HGD)_BG357,PAT6(HGD)_I_73
PAT6(HGD)_BG359,PAT6(LGD)_H_378
PAT6(HGD)_BG363,PAT6(HGD)_I_83
PAT6(HGD)_BG364,PAT6(HGD)_I_109
PAT6(HGD)_BG365,PAT6(HGD)_I_26
PAT6(HGD)_BG369,PAT6(HGD)_I_334
PAT6(HGD)_BG370,PAT6(LGD)_H_341
PAT6(HGD)_BG372,PAT6(HGD)_I_299
PAT6(HGD)_BG374,PAT6(LGD)_H_129
PAT6(HGD)_BG376,PAT6(LGD)_H_131
PAT6(HGD)_BG378,PAT20(ESO)_E_49
PAT6(HGD)_BG379,PAT6(HGD)_I_175
PAT6(HGD)_BG380,PAT6(HGD)_I_188
PAT6(HGD)_BG381,PAT6(HGD)_I_327
PAT14(HGD)_BH017,PAT6(LGD)_H_95
PAT14(HGD)_BH018,PAT9(NDBE)_J_71
PAT14(HGD)_BH023,PAT19(LGD)_B_59
PAT14(HGD)_BH025,PAT14(HGD)_C_143
PAT14(HGD)_BH031,PAT6(LGD)_H_220
PAT14(HGD)_BH035,PAT20(CARD)_F_355
PAT14(HGD)_BH040,PAT6(HGD)_I_37
PAT14(HGD)_BH050,PAT6(LGD)_H_52
PAT14(HGD)_BH056,PAT16(EAC)_A_24
PAT14(HGD)_BH063,PAT6(HGD)_I_273
PAT14(HGD)_BH065,PAT14(HGD)_C_378
PAT14(HGD)_BH068,PAT16(NDBE)_B_185
PAT14(HGD)_BH069,PAT14(HGD)_C_302
PAT14(HGD)_BH070,PAT14(HGD)_C_286
PAT14(HGD)_BH077,PAT14(HGD)_C_263
PAT14(HGD)_BH078,PAT20(CARD)_F_133
PAT14(HGD)_BH079,PAT14(HGD)_C_257
PAT14(HGD)_BH081,PAT16(NDBE)_B_258
PAT14(HGD)_BH082,PAT14(NDBE)_D_191
PAT14(HGD)_BH088,PAT16(NDBE)_B_238
PAT14(HGD)_BH093,PAT16(EAC)_A_237
PAT14(HGD)_BH095,PAT14(HGD)_C_365
PAT14(HGD)_BH099,PAT20(ESO)_E_14
PAT14(HGD)_BH101,PAT16(EAC)_A_308
PAT14(HGD)_BH104,PAT14(HGD)_C_277
PAT14(HGD)_BH113,PAT14(NDBE)_D_377
PAT14(HGD)_BH123,PAT6(LGD)_H_241
PAT14(HGD)_BH130,PAT20(CARD)_F_72
PAT14(HGD)_BH134,PAT16(EAC)_A_51
PAT14(HGD)_BH135,PAT9(NDBE)_J_111
PAT14(HGD)_BH144,PAT9(NDBE)_J_276
PAT14(HGD)_BH145,PAT19(LGD)_B_4
PAT14(HGD)_BH148,PAT16(EAC)_A_310
PAT14(HGD)_BH151,PAT16(EAC)_A_271
PAT14(HGD)_BH152,PAT16(EAC)_A_113
PAT14(HGD)_BH154,PAT16(EAC)_A_187
PAT14(HGD)_BH155,PAT20(HGD1)_D_378
PAT14(HGD)_BH156,PAT14(HGD)_C_218
PAT14(HGD)_BH162,PAT6(HGD)_I_44
PAT14(HGD)_BH163,PAT14(HGD)_C_371
PAT14(HGD)_BH164,PAT6(HGD)_I_263
PAT14(HGD)_BH165,PAT20(CARD)_F_275
PAT14(HGD)_BH167,PAT14(HGD)_C_220
PAT14(HGD)_BH170,PAT6(HGD)_I_101
PAT14(HGD)_BH174,PAT14(HGD)_C_328
PAT14(HGD)_BH177,PAT14(HGD)_C_362
PAT14(HGD)_BH178,PAT14(HGD)_C_165
PAT14(HGD)_BH179,PAT14(HGD)_C_319
PAT14(HGD)_BH183,PAT9(NDBE)_J_136
PAT14(HGD)_BH185,PAT9(NDBE)_J_364
PAT14(HGD)_BH188,PAT14(HGD)_C_366
PAT14(HGD)_BH198,PAT14(NDBE)_D_142
PAT14(HGD)_BH201,PAT20(CARD)_F_231
PAT14(HGD)_BH206,PAT14(HGD)_C_315
PAT14(HGD)_BH207,PAT6(HGD)_I_148
PAT14(HGD)_BH209,PAT6(HGD)_I_6
PAT14(HGD)_BH210,PAT19(LGD)_B_369
PAT14(HGD)_BH211,PAT16(EAC)_A_80
PAT14(HGD)_BH212,PAT14(HGD)_C_345
PAT14(HGD)_BH213,PAT20(CARD)_F_303
PAT14(HGD)_BH214,PAT14(HGD)_C_268
PAT14(HGD)_BH216,PAT20(CARD)_F_261
PAT14(HGD)_BH217,PAT20(ESO)_E_243
PAT14(HGD)_BH218,PAT20(CARD)_F_306
PAT14(HGD)_BH219,PAT20(CARD)_F_343
PAT14(HGD)_BH220,PAT14(HGD)_C_320
PAT14(HGD)_BH222,PAT20(HGD1)_D_66
PAT14(HGD)_BH223,PAT14(HGD)_C_317
PAT14(HGD)_BH225,PAT14(NDBE)_D_339
PAT14(HGD)_BH227,PAT16(EAC)_A_273
PAT14(HGD)_BH228,PAT6(HGD)_I_199
PAT14(HGD)_BH229,PAT14(NDBE)_D_133
PAT14(HGD)_BH231,PAT6(LGD)_H_224
PAT14(HGD)_BH233,PAT20(CARD)_F_115
PAT14(HGD)_BH234,PAT14(HGD)_C_264
PAT14(HGD)_BH236,PAT14(HGD)_C_301
PAT14(HGD)_BH237,PAT14(HGD)_C_311
PAT14(HGD)_BH238,PAT20(CARD)_F_24
PAT14(HGD)_BH240,PAT6(LGD)_H_379
PAT14(HGD)_BH241,PAT9(NDBE)_J_231
PAT14(HGD)_BH242,PAT14(HGD)_C_142
PAT14(HGD)_BH243,PAT16(NDBE)_B_91
PAT14(HGD)_BH244,PAT9(NDBE)_J_205
PAT14(HGD)_BH245,PAT20(CARD)_F_288
PAT14(HGD)_BH246,PAT16(EAC)_A_213
PAT14(HGD)_BH247,PAT14(HGD)_C_68
PAT14(HGD)_BH248,PAT16(NDBE)_B_70
PAT14(HGD)_BH249,PAT14(HGD)_C_269
PAT14(HGD)_BH250,PAT14(HGD)_C_139
PAT14(HGD)_BH251,PAT14(HGD)_C_238
PAT14(HGD)_BH252,PAT16(NDBE)_B_150
PAT14(HGD)_BH255,PAT16(EAC)_A_169
PAT14(HGD)_BH256,PAT19(LGD)_B_94
PAT14(HGD)_BH257,PAT20(ESO)_E_266
PAT14(HGD)_BH258,PAT14(HGD)_C_305
PAT14(HGD)_BH259,PAT6(LGD)_H_185
PAT14(HGD)_BH260,PAT20(HGD1)_D_330
PAT14(HGD)_BH261,PAT20(ESO)_E_200
PAT14(HGD)_BH262,PAT6(HGD)_I_243
PAT14(HGD)_BH263,PAT14(NDBE)_D_321
PAT14(HGD)_BH264,PAT6(LGD)_H_311
PAT14(HGD)_BH266,PAT9(NDBE)_J_10
PAT14(HGD)_BH267,PAT19(LGD)_B_232
PAT14(HGD)_BH269,PAT14(NDBE)_D_368
PAT14(HGD)_BH270,PAT9(NDBE)_J_359
PAT14(HGD)_BH272,PAT14(HGD)_C_212
PAT14(HGD)_BH275,PAT6(HGD)_I_265
PAT14(HGD)_BH277,PAT6(LGD)_H_304
PAT14(HGD)_BH278,PAT20(CARD)_F_128
PAT14(HGD)_BH279,PAT9(NDBE)_J_23
PAT14(HGD)_BH281,PAT20(ESO)_E_116
PAT14(HGD)_BH283,PAT14(HGD)_C_347
PAT14(HGD)_BH287,PAT14(NDBE)_D_218
PAT14(HGD)_BH288,PAT14(HGD)_C_294
PAT14(HGD)_BH291,PAT14(NDBE)_D_16
PAT14(HGD)_BH293,PAT9(NDBE)_J_249
PAT14(HGD)_BH294,PAT6(HGD)_I_90
PAT14(HGD)_BH295,PAT16(EAC)_A_167
PAT14(HGD)_BH296,PAT9(NDBE)_J_254
PAT14(HGD)_BH297,PAT14(HGD)_C_223
PAT14(HGD)_BH298,PAT14(HGD)_C_274
PAT14(HGD)_BH300,PAT19(LGD)_B_181
PAT14(HGD)_BH301,PAT14(HGD)_C_226
PAT14(HGD)_BH303,PAT14(NDBE)_D_316
PAT14(HGD)_BH304,PAT9(NDBE)_J_242
PAT14(HGD)_BH305,PAT6(HGD)_I_153
PAT14(HGD)_BH306,PAT6(HGD)_I_319
PAT14(HGD)_BH308,PAT20(CARD)_F_226
PAT14(HGD)_BH309,PAT14(HGD)_C_360
PAT14(HGD)_BH310,PAT9(NDBE)_J_20
PAT14(HGD)_BH311,PAT16(EAC)_A_347
PAT14(HGD)_BH314,PAT14(NDBE)_D_112
PAT14(HGD)_BH315,PAT14(NDBE)_D_261
PAT14(HGD)_BH316,PAT20(CARD)_F_21
PAT14(HGD)_BH317,PAT16(EAC)_A_316
PAT14(HGD)_BH318,PAT14(NDBE)_D_186
PAT14(HGD)_BH319,PAT16(NDBE)_B_136
PAT14(HGD)_BH320,PAT14(HGD)_C_342
PAT14(HGD)_BH321,PAT20(CARD)_F_211
PAT14(HGD)_BH322,PAT6(HGD)_I_125
PAT14(HGD)_BH323,PAT14(HGD)_C_266
PAT14(HGD)_BH324,PAT16(NDBE)_B_214
PAT14(HGD)_BH326,PAT14(NDBE)_D_143
PAT14(HGD)_BH328,PAT14(NDBE)_D_272
PAT14(HGD)_BH329,PAT9(NDBE)_J_327
PAT14(HGD)_BH334,PAT16(NDBE)_B_210
PAT14(HGD)_BH335,PAT20(ESO)_E_256
PAT14(HGD)_BH339,PAT19(LGD)_B_69
PAT14(HGD)_BH340,PAT14(HGD)_C_289
PAT14(HGD)_BH341,PAT16(EAC)_A_274
PAT14(HGD)_BH342,PAT14(HGD)_C_300
PAT14(HGD)_BH355,PAT14(HGD)_C_229
PAT14(HGD)_BH356,PAT14(HGD)_C_281
PAT14(HGD)_BH357,PAT14(HGD)_C_213
PAT14(HGD)_BH359,PAT9(NDBE)_J_370
PAT14(HGD)_BH361,PAT19(LGD)_B_151
PAT14(HGD)_BH362,PAT9(NDBE)_J_377
PAT14(HGD)_BH365,PAT14(HGD)_C_370
PAT14(HGD)_BH367,PAT14(HGD)_C_135
PAT14(HGD)_BH368,PAT20(ESO)_E_340
PAT14(HGD)_BH369,PAT14(HGD)_C_284
PAT14(HGD)_BH370,PAT16(EAC)_A_221
PAT14(HGD)_BH372,PAT9(NDBE)_J_141
PAT14(HGD)_BH373,PAT19(LGD)_B_215
PAT14(HGD)_BH374,PAT6(HGD)_I_212
PAT14(HGD)_BH375,PAT19(LGD)_B_130
PAT14(HGD)_BH376,PAT14(HGD)_C_194
PAT14(HGD)_BH377,PAT20(ESO)_E_102
PAT14(HGD)_BH378,PAT6(LGD)_H_235
PAT14(HGD)_BH379,PAT19(LGD)_B_322
PAT14(HGD)_BH381,PAT16(NDBE)_B_380
PAT14(HGD)_BH383,PAT20(CARD)_F_87
PAT20(HGD1)_BE001,PAT20(HGD1)_D_380
PAT20(HGD1)_BE005,PAT20(HGD1)_D_206
PAT20(HGD1)_BE006,PAT20(HGD1)_D_30
PAT20(HGD1)_BE015,PAT20(HGD1)_D_241
PAT20(HGD1)_BE016,PAT20(HGD1)_D_1
PAT20(HGD1)_BE017,PAT20(HGD1)_D_345
PAT20(HGD1)_BE018,PAT20(HGD1)_D_132
PAT20(HGD1)_BE019,PAT9(NDBE)_J_151
PAT20(HGD1)_BE020,PAT20(HGD1)_D_80
PAT20(HGD1)_BE021,PAT20(HGD1)_D_197
PAT20(HGD1)_BE022,PAT20(HGD1)_D_125
PAT20(HGD1)_BE023,PAT20(HGD1)_D_266
PAT20(HGD1)_BE024,PAT20(HGD1)_D_9
PAT20(HGD1)_BE027,PAT20(HGD1)_D_164
PAT20(HGD1)_BE030,PAT20(HGD1)_D_70
PAT20(HGD1)_BE031,PAT20(HGD1)_D_99
PAT20(HGD1)_BE033,PAT20(HGD1)_D_89
PAT20(HGD1)_BE035,PAT20(HGD1)_D_159
PAT20(HGD1)_BE036,PAT20(HGD1)_D_221
PAT20(HGD1)_BE037,PAT20(HGD1)_D_290
PAT20(HGD1)_BE038,PAT20(HGD1)_D_130
PAT20(HGD1)_BE039,PAT20(HGD1)_D_79
PAT20(HGD1)_BE040,PAT20(HGD1)_D_74
PAT20(HGD1)_BE041,PAT20(HGD1)_D_107
PAT20(HGD1)_BE042,PAT20(HGD1)_D_88
PAT20(HGD1)_BE043,PAT20(HGD1)_D_86
PAT20(HGD1)_BE044,PAT19(LGD)_B_118
PAT20(HGD1)_BE045,PAT14(NDBE)_D_220
PAT20(HGD1)_BE046,PAT20(HGD1)_D_356
PAT20(HGD1)_BE047,PAT20(HGD1)_D_261
PAT20(HGD1)_BE050,PAT20(HGD1)_D_32
PAT20(HGD1)_BE051,PAT14(NDBE)_D_206
PAT20(HGD1)_BE053,PAT20(HGD1)_D_194
PAT20(HGD1)_BE056,PAT20(HGD1)_D_146
PAT20(HGD1)_BE059,PAT6(HGD)_I_337
PAT20(HGD1)_BE060,PAT20(HGD1)_D_62
PAT20(HGD1)_BE061,PAT20(HGD1)_D_31
PAT20(HGD1)_BE062,PAT20(HGD1)_D_354
PAT20(HGD1)_BE063,PAT20(HGD1)_D_7
PAT20(HGD1)_BE064,PAT20(HGD1)_D_323
PAT20(HGD1)_BE066,PAT20(HGD1)_D_55
PAT20(HGD1)_BE067,PAT20(HGD1)_D_288
PAT20(HGD1)_BE069,PAT20(HGD1)_D_173
PAT20(HGD1)_BE070,PAT20(HGD1)_D_185
PAT20(HGD1)_BE071,PAT14(NDBE)_D_363
PAT20(HGD1)_BE072,PAT20(HGD1)_D_98
PAT20(HGD1)_BE073,PAT20(HGD1)_D_10
PAT20(HGD1)_BE074,PAT20(HGD1)_D_46
PAT20(HGD1)_BE078,PAT20(HGD1)_D_217
PAT20(HGD1)_BE079,PAT20(HGD1)_D_21
PAT20(HGD1)_BE081,PAT20(HGD1)_D_119
PAT20(HGD1)_BE082,PAT20(HGD1)_D_281
PAT20(HGD1)_BE085,PAT20(HGD1)_D_260
PAT20(HGD1)_BE086,PAT20(HGD1)_D_305
PAT20(HGD1)_BE087,PAT20(HGD1)_D_268
PAT20(HGD1)_BE088,PAT16(NDBE)_B_236
PAT20(HGD1)_BE090,PAT20(HGD1)_D_57
PAT20(HGD1)_BE091,PAT20(HGD1)_D_246
PAT20(HGD1)_BE092,PAT16(EAC)_A_376
PAT20(HGD1)_BE093,PAT20(HGD1)_D_166
PAT20(HGD1)_BE094,PAT20(HGD1)_D_218
PAT20(HGD1)_BE095,PAT20(HGD1)_D_20
PAT20(HGD1)_BE096,PAT20(HGD1)_D_300
PAT20(HGD1)_BE098,PAT20(HGD1)_D_322
PAT20(HGD1)_BE100,PAT20(HGD1)_D_158
PAT20(HGD1)_BE101,PAT20(HGD1)_D_379
PAT20(HGD1)_BE102,PAT20(HGD1)_D_212
PAT20(HGD1)_BE106,PAT20(HGD1)_D_112
PAT20(HGD1)_BE107,PAT20(CARD)_F_5
PAT20(HGD1)_BE108,PAT20(HGD1)_D_53
PAT20(HGD1)_BE109,PAT20(HGD1)_D_299
PAT20(HGD1)_BE110,PAT20(HGD1)_D_279
PAT20(HGD1)_BE111,PAT20(HGD1)_D_286
PAT20(HGD1)_BE112,PAT20(HGD1)_D_49
PAT20(HGD1)_BE113,PAT20(HGD1)_D_118
PAT20(HGD1)_BE115,PAT20(HGD1)_D_365
PAT20(HGD1)_BE116,PAT20(HGD1)_D_68
PAT20(HGD1)_BE117,PAT20(HGD1)_D_259
PAT20(HGD1)_BE118,PAT20(HGD1)_D_231
PAT20(HGD1)_BE119,PAT20(HGD1)_D_340
PAT20(HGD1)_BE120,PAT20(HGD1)_D_143
PAT20(HGD1)_BE124,PAT20(HGD1)_D_109
PAT20(HGD1)_BE127,PAT20(HGD1)_D_368
PAT20(HGD1)_BE131,PAT20(HGD1)_D_240
PAT20(HGD1)_BE132,PAT20(HGD1)_D_190
PAT20(HGD1)_BE133,PAT20(HGD1)_D_348
PAT20(HGD1)_BE134,PAT20(HGD1)_D_180
PAT20(HGD1)_BE135,PAT20(HGD1)_D_284
PAT20(HGD1)_BE136,PAT20(HGD1)_D_139
PAT20(HGD1)_BE138,PAT20(HGD1)_D_253
PAT20(HGD1)_BE139,PAT20(HGD1)_D_161
PAT20(HGD1)_BE140,PAT20(HGD1)_D_370
PAT20(HGD1)_BE141,PAT20(HGD1)_D_205
PAT20(HGD1)_BE142,PAT20(HGD1)_D_163
PAT20(HGD1)_BE143,PAT20(HGD1)_D_38
PAT20(HGD1)_BE144,PAT20(HGD1)_D_296
PAT20(HGD1)_BE147,PAT20(HGD1)_D_269
PAT20(HGD1)_BE148,PAT20(HGD1)_D_160
PAT20(HGD1)_BE155,PAT20(HGD1)_D_254
PAT20(HGD1)_BE156,PAT20(HGD1)_D_293
PAT20(HGD1)_BE157,PAT20(HGD1)_D_63
PAT20(HGD1)_BE158,PAT20(HGD1)_D_103
PAT20(HGD1)_BE159,PAT20(HGD1)_D_215
PAT20(HGD1)_BE160,PAT20(HGD1)_D_81
PAT20(HGD1)_BE163,PAT20(HGD1)_D_94
PAT20(HGD1)_BE165,PAT20(HGD1)_D_0
PAT20(HGD1)_BE167,PAT20(HGD1)_D_232
PAT20(HGD1)_BE168,PAT20(HGD1)_D_43
PAT20(HGD1)_BE171,PAT20(HGD1)_D_141
PAT20(HGD1)_BE177,PAT20(HGD1)_D_25
PAT20(HGD1)_BE179,PAT20(HGD1)_D_165
PAT20(HGD1)_BE180,PAT9(NDBE)_J_104
PAT20(HGD1)_BE181,PAT20(HGD1)_D_97
PAT20(HGD1)_BE182,PAT20(HGD1)_D_204
PAT20(HGD1)_BE183,PAT20(HGD1)_D_363
PAT20(HGD1)_BE184,PAT20(HGD1)_D_101
PAT20(HGD1)_BE185,PAT20(HGD1)_D_238
PAT20(HGD1)_BE186,PAT20(HGD1)_D_307
PAT20(HGD1)_BE187,PAT20(HGD1)_D_332
PAT20(HGD1)_BE188,PAT20(HGD1)_D_176
PAT20(HGD1)_BE189,PAT20(HGD1)_D_133
PAT20(HGD1)_BE190,PAT20(HGD1)_D_262
PAT20(HGD1)_BE191,PAT20(HGD1)_D_134
PAT20(HGD1)_BE194,PAT16(EAC)_A_18
PAT20(HGD1)_BE196,PAT20(HGD1)_D_117
PAT20(HGD1)_BE205,PAT20(HGD1)_D_334
PAT20(HGD1)_BE207,PAT20(HGD1)_D_87
PAT20(HGD1)_BE209,PAT20(HGD1)_D_213
PAT20(HGD1)_BE210,PAT20(HGD1)_D_18
PAT20(HGD1)_BE212,PAT20(HGD1)_D_108
PAT20(HGD1)_BE213,PAT20(HGD1)_D_338
PAT20(HGD1)_BE214,PAT6(HGD)_I_185
PAT20(HGD1)_BE215,PAT20(HGD1)_D_177
PAT20(HGD1)_BE216,PAT20(HGD1)_D_191
PAT20(HGD1)_BE218,PAT16(EAC)_A_379
PAT20(HGD1)_BE221,PAT9(NDBE)_J_288
PAT20(HGD1)_BE224,PAT20(HGD1)_D_347
PAT20(HGD1)_BE227,PAT20(HGD1)_D_226
PAT20(HGD1)_BE228,PAT20(HGD1)_D_140
PAT20(HGD1)_BE230,PAT20(HGD1)_D_207
PAT20(HGD1)_BE231,PAT20(HGD1)_D_375
PAT20(HGD1)_BE232,PAT20(HGD1)_D_382
PAT20(HGD1)_BE235,PAT20(HGD1)_D_200
PAT20(HGD1)_BE237,PAT20(HGD1)_D_283
PAT20(HGD1)_BE238,PAT20(HGD1)_D_39
PAT20(HGD1)_BE239,PAT20(HGD1)_D_225
PAT20(HGD1)_BE240,PAT20(HGD1)_D_52
PAT20(HGD1)_BE242,PAT20(HGD1)_D_331
PAT20(HGD1)_BE244,PAT20(ESO)_E_341
PAT20(HGD1)_BE254,PAT20(HGD1)_D_61
PAT20(HGD1)_BE255,PAT20(HGD1)_D_313
PAT20(HGD1)_BE257,PAT20(CARD)_F_152
PAT20(HGD1)_BE258,PAT20(HGD1)_D_11
PAT20(HGD1)_BE259,PAT20(HGD1)_D_60
PAT20(HGD1)_BE260,PAT20(HGD1)_D_360
PAT20(HGD1)_BE262,PAT20(HGD1)_D_264
PAT20(HGD1)_BE263,PAT20(HGD1)_D_111
PAT20(HGD1)_BE264,PAT6(HGD)_I_28
PAT20(HGD1)_BE267,PAT6(LGD)_H_126
PAT20(HGD1)_BE268,PAT20(HGD1)_D_17
PAT20(HGD1)_BE269,PAT20(HGD1)_D_230
PAT20(HGD1)_BE270,PAT20(HGD1)_D_222
PAT20(HGD1)_BE271,PAT20(HGD1)_D_187
PAT20(HGD1)_BE272,PAT19(LGD)_B_117
PAT20(HGD1)_BE275,PAT20(HGD1)_D_275
PAT20(HGD1)_BE276,PAT20(HGD1)_D_383
PAT20(HGD1)_BE277,PAT20(HGD1)_D_321
PAT20(HGD1)_BE278,PAT20(HGD1)_D_114
PAT20(HGD1)_BE281,PAT20(HGD1)_D_113
PAT20(HGD1)_BE282,PAT20(HGD1)_D_316
PAT20(HGD1)_BE284,PAT20(HGD1)_D_199
PAT20(HGD1)_BE285,PAT20(HGD1)_D_153
PAT20(HGD1)_BE286,PAT20(HGD1)_D_249
PAT20(HGD1)_BE287,PAT20(HGD1)_D_251
PAT20(HGD1)_BE288,PAT14(NDBE)_D_70
PAT20(HGD1)_BE290,PAT20(HGD1)_D_22
PAT20(HGD1)_BE292,PAT20(HGD1)_D_224
PAT20(HGD1)_BE294,PAT20(HGD1)_D_245
PAT20(HGD1)_BE295,PAT20(HGD1)_D_12
PAT20(HGD1)_BE296,PAT9(NDBE)_J_266
PAT20(HGD1)_BE297,PAT20(HGD1)_D_196
PAT20(HGD1)_BE298,PAT9(NDBE)_J_138
PAT20(HGD1)_BE301,PAT20(HGD1)_D_358
PAT20(HGD1)_BE307,PAT20(HGD1)_D_265
PAT20(HGD1)_BE308,PAT20(HGD1)_D_184
PAT20(HGD1)_BE309,PAT20(HGD1)_D_115
PAT20(HGD1)_BE311,PAT20(HGD1)_D_131
PAT20(HGD1)_BE313,PAT6(LGD)_H_122
PAT20(HGD1)_BE314,PAT20(HGD1)_D_137
PAT20(HGD1)_BE317,PAT20(HGD1)_D_257
PAT20(HGD1)_BE318,PAT20(ESO)_E_113
PAT20(HGD1)_BE320,PAT20(HGD1)_D_223
PAT20(HGD1)_BE321,PAT20(HGD1)_D_136
PAT20(HGD1)_BE322,PAT20(HGD1)_D_263
PAT20(HGD1)_BE323,PAT20(HGD1)_D_341
PAT20(HGD1)_BE324,PAT20(HGD1)_D_315
PAT20(HGD1)_BE325,PAT20(HGD1)_D_282
PAT20(HGD1)_BE326,PAT20(HGD1)_D_276
PAT20(HGD1)_BE330,PAT20(HGD1)_D_372
PAT20(HGD1)_BE331,PAT20(HGD1)_D_209
PAT20(HGD1)_BE333,PAT20(HGD1)_D_355
PAT20(HGD1)_BE334,PAT20(HGD1)_D_150
PAT20(HGD1)_BE335,PAT20(HGD1)_D_188
PAT20(HGD1)_BE336,PAT20(HGD1)_D_106
PAT20(HGD1)_BE337,PAT20(HGD1)_D_172
PAT20(HGD1)_BE338,PAT20(HGD1)_D_54
PAT20(HGD1)_BE339,PAT20(HGD1)_D_189
PAT20(HGD1)_BE340,PAT20(HGD1)_D_364
PAT20(HGD1)_BE341,PAT20(HGD1)_D_82
PAT20(HGD1)_BE342,PAT20(HGD1)_D_235
PAT20(HGD1)_BE343,PAT19(LGD)_B_380
PAT20(HGD1)_BE344,PAT20(HGD1)_D_233
PAT20(HGD1)_BE345,PAT20(HGD1)_D_121
PAT20(HGD1)_BE346,PAT20(HGD1)_D_167
PAT20(HGD1)_BE348,PAT20(HGD1)_D_170
PAT20(HGD1)_BE349,PAT20(HGD1)_D_328
PAT20(HGD1)_BE350,PAT20(HGD1)_D_381
PAT20(HGD1)_BE351,PAT20(HGD1)_D_255
PAT20(HGD1)_BE354,PAT20(HGD1)_D_343
PAT20(HGD1)_BE357,PAT20(HGD1)_D_152
PAT20(HGD1)_BE359,PAT20(HGD1)_D_202
PAT20(HGD1)_BE360,PAT20(ESO)_E_353
PAT20(HGD1)_BE361,PAT20(HGD1)_D_65
PAT20(HGD1)_BE363,PAT20(HGD1)_D_214
PAT20(HGD1)_BE365,PAT20(HGD1)_D_324
PAT20(HGD1)_BE366,PAT20(HGD1)_D_308
PAT20(HGD1)_BE367,PAT20(HGD1)_D_27
PAT20(HGD1)_BE368,PAT20(HGD1)_D_56
PAT20(HGD1)_BE377,PAT20(HGD1)_D_14
PAT20(HGD1)_BE379,PAT9(NDBE)_J_173
PAT20(HGD1)_BE382,PAT20(HGD1)_D_35
PAT20(HGD1)_BE383,PAT20(HGD1)_D_377
PAT20(HGD1)_BE384,PAT20(HGD1)_D_5
PAT16(EAC)_BK003,PAT16(EAC)_A_17
PAT16(EAC)_BK007,PAT16(EAC)_A_268
PAT16(EAC)_BK008,PAT16(EAC)_A_128
PAT16(EAC)_BK010,PAT16(EAC)_A_335
PAT16(EAC)_BK011,PAT16(EAC)_A_31
PAT16(EAC)_BK012,PAT16(EAC)_A_92
PAT16(EAC)_BK014,PAT16(EAC)_A_26
PAT16(EAC)_BK016,PAT9(NDBE)_J_152
PAT16(EAC)_BK018,PAT16(EAC)_A_86
PAT16(EAC)_BK027,PAT16(EAC)_A_357
PAT16(EAC)_BK029,PAT16(EAC)_A_197
PAT16(EAC)_BK030,PAT20(CARD)_F_321
PAT16(EAC)_BK032,PAT16(EAC)_A_19
PAT16(EAC)_BK037,PAT16(EAC)_A_275
PAT16(EAC)_BK041,PAT16(EAC)_A_212
PAT16(EAC)_BK045,PAT16(EAC)_A_185
PAT16(EAC)_BK046,PAT9(NDBE)_J_320
PAT16(EAC)_BK047,PAT16(EAC)_A_123
PAT16(EAC)_BK048,PAT16(EAC)_A_301
PAT16(EAC)_BK051,PAT16(EAC)_A_151
PAT16(EAC)_BK052,PAT20(CARD)_F_205
PAT16(EAC)_BK054,PAT16(EAC)_A_341
PAT16(EAC)_BK056,PAT16(EAC)_A_251
PAT16(EAC)_BK058,PAT20(CARD)_F_25
PAT16(EAC)_BK060,PAT16(EAC)_A_304
PAT16(EAC)_BK063,PAT6(HGD)_I_331
PAT16(EAC)_BK071,PAT16(NDBE)_B_203
PAT16(EAC)_BK073,PAT16(EAC)_A_131
PAT16(EAC)_BK075,PAT16(EAC)_A_220
PAT16(EAC)_BK077,PAT16(EAC)_A_248
PAT16(EAC)_BK080,PAT16(EAC)_A_158
PAT16(EAC)_BK081,PAT16(EAC)_A_83
PAT16(EAC)_BK082,PAT16(EAC)_A_106
PAT16(EAC)_BK086,PAT16(EAC)_A_68
PAT16(EAC)_BK087,PAT16(EAC)_A_105
PAT16(EAC)_BK088,PAT20(HGD1)_D_280
PAT16(EAC)_BK090,PAT16(EAC)_A_141
PAT16(EAC)_BK091,PAT16(EAC)_A_242
PAT16(EAC)_BK092,PAT16(EAC)_A_223
PAT16(EAC)_BK102,PAT16(EAC)_A_164
PAT16(EAC)_BK107,PAT16(EAC)_A_222
PAT16(EAC)_BK108,PAT16(NDBE)_B_29
PAT16(EAC)_BK110,PAT16(NDBE)_B_332
PAT16(EAC)_BK112,PAT16(EAC)_A_154
PAT16(EAC)_BK113,PAT16(EAC)_A_144
PAT16(EAC)_BK114,PAT16(EAC)_A_57
PAT16(EAC)_BK116,PAT16(NDBE)_B_360
PAT16(EAC)_BK117,PAT16(EAC)_A_186
PAT16(EAC)_BK118,PAT16(EAC)_A_133
PAT16(EAC)_BK119,PAT16(EAC)_A_165
PAT16(EAC)_BK121,PAT16(EAC)_A_205
PAT16(EAC)_BK122,PAT16(EAC)_A_295
PAT16(EAC)_BK124,PAT16(EAC)_A_344
PAT16(EAC)_BK127,PAT16(EAC)_A_196
PAT16(EAC)_BK128,PAT16(EAC)_A_90
PAT16(EAC)_BK129,PAT20(ESO)_E_214
PAT16(EAC)_BK130,PAT14(HGD)_C_18
PAT16(EAC)_BK131,PAT16(EAC)_A_103
PAT16(EAC)_BK132,PAT16(EAC)_A_362
PAT16(EAC)_BK133,PAT16(EAC)_A_160
PAT16(EAC)_BK136,PAT16(EAC)_A_309
PAT16(EAC)_BK137,PAT16(EAC)_A_320
PAT16(EAC)_BK138,PAT16(EAC)_A_240
PAT16(EAC)_BK139,PAT16(EAC)_A_54
PAT16(EAC)_BK140,PAT16(EAC)_A_137
PAT16(EAC)_BK142,PAT16(EAC)_A_98
PAT16(EAC)_BK143,PAT16(EAC)_A_67
PAT16(EAC)_BK144,PAT16(EAC)_A_93
PAT16(EAC)_BK147,PAT16(EAC)_A_97
PAT16(EAC)_BK153,PAT16(EAC)_A_267
PAT16(EAC)_BK154,PAT16(EAC)_A_227
PAT16(EAC)_BK155,PAT19(LGD)_B_131
PAT16(EAC)_BK158,PAT16(EAC)_A_202
PAT16(EAC)_BK160,PAT16(EAC)_A_249
PAT16(EAC)_BK162,PAT16(EAC)_A_115
PAT16(EAC)_BK163,PAT16(EAC)_A_12
PAT16(EAC)_BK164,PAT16(EAC)_A_324
PAT16(EAC)_BK166,PAT20(HGD1)_D_90
PAT16(EAC)_BK167,PAT16(NDBE)_B_78
PAT16(EAC)_BK168,PAT16(EAC)_A_77
PAT16(EAC)_BK169,PAT16(EAC)_A_337
PAT16(EAC)_BK172,PAT16(EAC)_A_79
PAT16(EAC)_BK174,PAT16(EAC)_A_73
PAT16(EAC)_BK176,PAT16(EAC)_A_219
PAT16(EAC)_BK177,PAT16(EAC)_A_71
PAT16(EAC)_BK185,PAT16(EAC)_A_298
PAT16(EAC)_BK186,PAT9(NDBE)_J_113
PAT16(EAC)_BK191,PAT16(EAC)_A_116
PAT16(EAC)_BK192,PAT20(CARD)_F_79
PAT16(EAC)_BK194,PAT16(EAC)_A_112
PAT16(EAC)_BK195,PAT16(EAC)_A_60
PAT16(EAC)_BK197,PAT9(NDBE)_J_96
PAT16(EAC)_BK199,PAT16(EAC)_A_238
PAT16(EAC)_BK200,PAT16(EAC)_A_300
PAT16(EAC)_BK202,PAT16(EAC)_A_121
PAT16(EAC)_BK203,PAT16(EAC)_A_277
PAT16(EAC)_BK204,PAT16(EAC)_A_30
PAT16(EAC)_BK205,PAT16(EAC)_A_281
PAT16(EAC)_BK206,PAT16(EAC)_A_319
PAT16(EAC)_BK207,PAT16(EAC)_A_5
PAT16(EAC)_BK208,PAT16(EAC)_A_61
PAT16(EAC)_BK211,PAT16(EAC)_A_182
PAT16(EAC)_BK212,PAT9(NDBE)_J_110
PAT16(EAC)_BK214,PAT16(EAC)_A_260
PAT16(EAC)_BK215,PAT16(EAC)_A_181
PAT16(EAC)_BK216,PAT16(EAC)_A_10
PAT16(EAC)_BK220,PAT16(EAC)_A_228
PAT16(EAC)_BK222,PAT16(EAC)_A_1
PAT16(EAC)_BK224,PAT16(EAC)_A_366
PAT16(EAC)_BK230,PAT16(EAC)_A_66
PAT16(EAC)_BK234,PAT16(EAC)_A_33
PAT16(EAC)_BK235,PAT16(EAC)_A_78
PAT16(EAC)_BK238,PAT16(EAC)_A_318
PAT16(EAC)_BK239,PAT16(EAC)_A_203
PAT16(EAC)_BK240,PAT16(EAC)_A_303
PAT16(EAC)_BK242,PAT16(EAC)_A_136
PAT16(EAC)_BK244,PAT16(EAC)_A_327
PAT16(EAC)_BK249,PAT16(EAC)_A_315
PAT16(EAC)_BK250,PAT16(EAC)_A_13
PAT16(EAC)_BK256,PAT16(NDBE)_B_255
PAT16(EAC)_BK257,PAT16(EAC)_A_109
PAT16(EAC)_BK260,PAT16(EAC)_A_117
PAT16(EAC)_BK262,PAT16(EAC)_A_215
PAT16(EAC)_BK263,PAT20(CARD)_F_1
PAT16(EAC)_BK267,PAT20(HGD1)_D_339
PAT16(EAC)_BK269,PAT16(EAC)_A_368
PAT16(EAC)_BK272,PAT20(CARD)_F_364
PAT16(EAC)_BK277,PAT16(EAC)_A_183
PAT16(EAC)_BK278,PAT16(EAC)_A_111
PAT16(EAC)_BK279,PAT16(EAC)_A_351
PAT16(EAC)_BK280,PAT16(EAC)_A_174
PAT16(EAC)_BK281,PAT16(EAC)_A_374
PAT16(EAC)_BK282,PAT19(LGD)_B_116
PAT16(EAC)_BK283,PAT19(LGD)_B_45
PAT16(EAC)_BK284,PAT16(EAC)_A_96
PAT16(EAC)_BK285,PAT16(EAC)_A_99
PAT16(EAC)_BK289,PAT16(EAC)_A_11
PAT16(EAC)_BK290,PAT19(LGD)_B_262
PAT16(EAC)_BK291,PAT16(EAC)_A_124
PAT16(EAC)_BK292,PAT16(EAC)_A_378
PAT16(EAC)_BK296,PAT16(EAC)_A_119
PAT16(EAC)_BK297,PAT16(EAC)_A_190
PAT16(EAC)_BK298,PAT16(EAC)_A_364
PAT16(EAC)_BK301,PAT16(EAC)_A_297
PAT16(EAC)_BK302,PAT16(EAC)_A_76
PAT16(EAC)_BK304,PAT16(EAC)_A_207
PAT16(EAC)_BK305,PAT6(HGD)_I_147
PAT16(EAC)_BK308,PAT20(HGD1)_D_285
PAT16(EAC)_BK309,PAT16(EAC)_A_284
PAT16(EAC)_BK314,PAT16(EAC)_A_129
PAT16(EAC)_BK317,PAT16(EAC)_A_32
PAT16(EAC)_BK318,PAT16(EAC)_A_102
PAT16(EAC)_BK319,PAT16(EAC)_A_170
PAT16(EAC)_BK320,PAT16(EAC)_A_139
PAT16(EAC)_BK322,PAT16(EAC)_A_323
PAT16(EAC)_BK323,PAT16(EAC)_A_63
PAT16(EAC)_BK324,PAT16(EAC)_A_244
PAT16(EAC)_BK326,PAT16(EAC)_A_178
PAT16(EAC)_BK327,PAT16(EAC)_A_64
PAT16(EAC)_BK329,PAT14(NDBE)_D_42
PAT16(EAC)_BK330,PAT16(EAC)_A_189
PAT16(EAC)_BK332,PAT16(EAC)_A_381
PAT16(EAC)_BK334,PAT16(EAC)_A_232
PAT16(EAC)_BK335,PAT16(EAC)_A_356
PAT16(EAC)_BK339,PAT16(EAC)_A_15
PAT16(EAC)_BK341,PAT20(CARD)_F_250
PAT16(EAC)_BK344,PAT16(EAC)_A_38
PAT16(EAC)_BK346,PAT16(EAC)_A_287
PAT16(EAC)_BK347,PAT16(NDBE)_B_314
PAT16(EAC)_BK348,PAT16(EAC)_A_236
PAT16(EAC)_BK351,PAT16(EAC)_A_35
PAT16(EAC)_BK352,PAT16(EAC)_A_377
PAT16(EAC)_BK353,PAT16(EAC)_A_58
PAT16(EAC)_BK354,PAT16(EAC)_A_230
PAT16(EAC)_BK355,PAT6(HGD)_I_260
PAT16(EAC)_BK356,PAT16(EAC)_A_256
PAT16(EAC)_BK357,PAT20(ESO)_E_283
PAT16(EAC)_BK358,PAT16(EAC)_A_199
PAT16(EAC)_BK361,PAT6(HGD)_I_312
PAT16(EAC)_BK368,PAT16(EAC)_A_42
PAT16(EAC)_BK370,PAT16(NDBE)_B_46
PAT16(EAC)_BK371,PAT16(EAC)_A_325
PAT16(EAC)_BK372,PAT16(EAC)_A_34
PAT16(EAC)_BK373,PAT16(EAC)_A_345
PAT16(EAC)_BK374,PAT16(EAC)_A_175
PAT16(EAC)_BK375,PAT6(HGD)_I_22
PAT16(EAC)_BK376,PAT16(EAC)_A_27
